Ссылки,Код каспи,Код 1C,Наименование,Бренд,Поставщик,Продавец_1,Цена_1,Продавец_2,Цена_2,Продавец_3,Цена_3,Продавец_4,Цена_4,Продавец_5,Цена_5
https://kaspi.kz/shop/p/denzel-dwp-1500-100051442/?c=710000000,100051442,00000014638,DENZEL DWP-1500,Denzel,Мир инструмента-Алматы в г. Караганда ТОО,Строймаркет ALTOR,16567.0,Алтын Орда Строймаркет,18840.0,Kiturami Казахстан,20080.0,МИР-инструментов,20080.0,Сеть магазинов TSSP,20080.0
https://kaspi.kz/shop/p/denzel-dwp-2000-100051396/?c=710000000,100051396,00000014640,DENZEL DWP-2000,Denzel,Мир инструмента-Алматы в г. Караганда ТОО,Сеть магазинов TSSP,17476.0,Строймаркет ALTOR,17486.0,All Stroy,19510.0,МИР-инструментов,21190.0,Qural-Saiman,21190.0
https://kaspi.kz/shop/p/denzel-dwp-750-60500007/?c=710000000,60500007,00000014637,Denzel DWP-750,Denzel,Мир инструмента-Алматы в г. Караганда ТОО,Строймаркет ALTOR,10470.0,STROYMANIA,12350.0,All Stroy,12350.0,ЭЛЕКТРО,12350.0,Алтын Орда Строймаркет,12350.0
https://kaspi.kz/shop/p/denzel-svarochnyi-invertor-ds-180-compact-mma--100147694/?c=710000000,100147694,00000014376,DENZEL сварочный инвертор DS-180 Compact (MMA),Denzel,Мир инструмента-Алматы в г. Караганда ТОО,Крепыж,32450.0,STROYMANIA,32450.0,Ravelin,32450.0,МИР-инструментов,35250.0,ХОЗЯИН,35250.0
https://kaspi.kz/shop/p/denzel-svarochnyi-invertor-dm-160-standart-mig-mag--108580740/?c=710000000,108580740,УТ-00001909,DENZEL сварочный инвертор DM-160 Standart (MIG/MAG),Denzel,Мир инструмента-Алматы в г. Караганда ТОО,ИП Трехлебов Stroymarket.p ,36170.0,All Stroy,36180.0,МИР-инструментов,39300.0,ХОЗЯИН,39300.0,GMARKET KZ,39300.0
https://kaspi.kz/shop/p/denzel-svarochnyi-invertor-dm-180-standart-94324-mma--108613298/?c=710000000,108613298,УТ-00001910,DENZEL сварочный инвертор DM-180 Standart (94324) (MMA),Denzel,Мир инструмента-Алматы в г. Караганда ТОО,Строймаркет ALTOR,34313.0,ИП Трехлебов Stroymarket.p ,42660.0,МИР-инструментов,46350.0,ХОЗЯИН,46350.0,GMARKET KZ,46350.0
https://kaspi.kz/shop/p/denzel-svarochnyi-invertor-dm-200-standart-mig-mag--108580742/?c=710000000,108580742,УТ-00001911,DENZEL сварочный инвертор DM-200 Standart (MIG/MAG),Denzel,Мир инструмента-Алматы в г. Караганда ТОО,Строймаркет ALTOR,40292.0,BOKENTAU COMPANY,47565.0,"ТОО ""EVROLIDER 23""",50110.0,All Stroy,54430.0,МИР-инструментов,54430.0
https://kaspi.kz/shop/p/denzel-svarochnyi-invertor-dm-220-standart-94326-mma--108613303/?c=710000000,108613303,УТ-00001912,DENZEL сварочный инвертор DM-220 Standart (94326) (MMA),Denzel,Мир инструмента-Алматы в г. Караганда ТОО,Строймаркет ALTOR,45851.0,BOKENTAU COMPANY,54120.0,"ТОО ""EVROLIDER 23""",54169.0,AVTO-PARADISE,57020.0,All Stroy,61940.0
https://kaspi.kz/shop/p/denzel-svarochnyi-invertor-ds-160-compact-mma--100147672/?c=710000000,100147672,00000014375,DENZEL сварочный инвертор DS-160 Compact (MMA),Denzel,Мир инструмента-Алматы в г. Караганда ТОО,STROYMANIA,30600.0,All Stroy,33230.0,МИР-инструментов,33230.0,ХОЗЯИН,33230.0,Qural-Saiman,33230.0
https://kaspi.kz/shop/p/denzel-svarochnyi-invertor-ds-200-compact-mma--100147662/?c=710000000,100147662,00000014377,DENZEL сварочный инвертор DS-200 Compact (MMA),Denzel,Мир инструмента-Алматы в г. Караганда ТОО,Алтын Орда Строймаркет,35300.0,Крепыж,36510.0,STROYMANIA,36510.0,All Stroy,36510.0,Ravelin,36510.0
https://kaspi.kz/shop/p/denzel-svarochnyi-invertor-sdm-160-top-mma--109599358/?c=710000000,109599358,УТ-00001913,DENZEL сварочный инвертор SDM-160 Top (MMA),Denzel,Мир инструмента-Алматы в г. Караганда ТОО,Ravelin,35620.0,ХОЗЯИН,36270.0,GMARKET KZ,38688.0,МИР-инструментов,38690.0,Qural-Saiman,38690.0
https://kaspi.kz/shop/p/denzel-svarochnyi-invertor-sdm-180-top-mma--109599361/?c=710000000,109599361,УТ-00001914,DENZEL сварочный инвертор SDM-180 Top (MMA),Denzel,Мир инструмента-Алматы в г. Караганда ТОО,"ТОО ""EVROLIDER 23""",40232.0,Ravelin,42349.0,МИР-инструментов,46000.0,ХОЗЯИН,46000.0,GMARKET KZ,46000.0
https://kaspi.kz/shop/p/denzel-svarochnyi-invertor-sdm-200-top-mma--109599353/?c=710000000,109599353,УТ-00001915,DENZEL сварочный инвертор SDM-200 Top (MMA),Denzel,Мир инструмента-Алматы в г. Караганда ТОО,STROYMANIA,57650.0,Комфорт,57650.0,МИР-инструментов,62620.0,ХОЗЯИН,62620.0,GMARKET KZ,62620.0
https://kaspi.kz/shop/p/denzel-svarochnyi-invertor-sdm-220-top-mma--109599369/?c=710000000,109599369,УТ-00001917,DENZEL сварочный инвертор SDM-220 Top (MMA),Denzel,Мир инструмента-Алматы в г. Караганда ТОО,МИР-инструментов,69810.0,ХОЗЯИН,69810.0,GMARKET KZ,69810.0,Торговый дом ТИЫН,69810.0,ВсеИнструменты KZ,69810.0
https://kaspi.kz/shop/p/denzel-svarochnyi-invertor-mini-mig-140fg-94322-mig-mag-mma--108613323/?c=710000000,108613323,УТ-00001908,"DENZEL сварочный инвертор Mini MIG-140FG (94322) (MIG/MAG, MMA)",Denzel,Мир инструмента-Алматы в г. Караганда ТОО,STROYMANIA,72780.0,МИР-инструментов,72780.0,ХОЗЯИН,79060.0,GMARKET KZ,79060.0,Qural-Saiman,79060.0
https://kaspi.kz/shop/p/denzel-ib-12-2-0-28431-102576906/?c=710000000,102576906,00000063779,DENZEL IB-12-2.0 28431,Denzel,Мир инструмента-Алматы в г. Караганда ТОО,МИР-инструментов,8810.0,ХОЗЯИН,8810.0,GMARKET KZ,8810.0,Qural-Saiman,8810.0,Торговый дом ТИЫН,8810.0
https://kaspi.kz/shop/p/denzel-ib-14-2-0-28432-li-ion-2-ah-1-sht-102579388/?c=710000000,102579388,00000063780,DENZEL IB-14-2.0 28432 Li-Ion 2 Ah 1 шт,Denzel,Мир инструмента-Алматы в г. Караганда ТОО,ХОЗЯИН,11645.0,GMARKET KZ,12422.0,TaranTool,12484.0,Торговый дом ТИЫН,13730.0,МИР-инструментов,14910.0
https://kaspi.kz/shop/p/denzel-ib-18-4-0-28434-102579931/?c=710000000,102579931,00000063782,DENZEL IB-18-4.0 28434,Denzel,Мир инструмента-Алматы в г. Караганда ТОО,МИР-инструментов,27800.0,Сеть магазинов TSSP,27800.0,ХОЗЯИН,27800.0,GMARKET KZ,27800.0,Qural-Saiman,27800.0
https://kaspi.kz/shop/p/denzel-97652-102840919/?c=710000000,102840919,00000063941,DENZEL 97652,Denzel,Мир инструмента-Алматы в г. Караганда ТОО,ТОО AI-TOOLS,306900.0,Папа-Карло,335628.0,ХОЗЯИН,335630.0,GMARKET KZ,335630.0,Ozturk,335630.0
https://kaspi.kz/shop/p/denzel-sb-560-97651-102754337/?c=710000000,102754337,00000063940,DENZEL SB 560 97651,Denzel,Мир инструмента-Алматы в г. Караганда ТОО,ТОО AI-TOOLS,259700.0,"ТОО ""EVROLIDER 23""",259740.0,Ozturk,260000.0,МИР-инструментов,284000.0,ХОЗЯИН,284000.0
https://kaspi.kz/shop/p/denzel-sbm-610-102840918/?c=710000000,102840918,00000063942,DENZEL SBM 610,Denzel,Мир инструмента-Алматы в г. Караганда ТОО,МИР-инструментов,384680.0,ХОЗЯИН,384680.0,GMARKET KZ,384680.0,Ozturk,384680.0,Qural-Saiman,384680.0
https://kaspi.kz/shop/p/denzel-b-125-55600012/?c=710000000,55600012,00000014293,Denzel B-125,Denzel,Мир инструмента-Алматы в г. Караганда ТОО,Q-SAIMAN,109900.0,Алтын Орда Строймаркет,120000.0,Ravelin,121700.0,Ozturk,127330.0,МегаВАТТ,127330.0
https://kaspi.kz/shop/p/denzel-b-160-55600009/?c=710000000,55600009,00000014294,Denzel B-160,Denzel,Мир инструмента-Алматы в г. Караганда ТОО,ХОЗЯИН,166740.0,titool_makita,166740.0,Курал-М,166740.0,Qural-Saiman,166740.0,Торговый дом ТИЫН,166740.0
https://kaspi.kz/shop/p/denzel-b-180-55600010/?c=710000000,55600010,00000014295,Denzel B-180,Denzel,Мир инструмента-Алматы в г. Караганда ТОО,Папа-Карло,161868.0,МегаВАТТ,161870.0,МИР-инструментов,173020.0,ХОЗЯИН,173020.0,titool_makita,173020.0
https://kaspi.kz/shop/p/denzel-b-200-55600011/?c=710000000,55600011,00000014296,Denzel B-200,Denzel,Мир инструмента-Алматы в г. Караганда ТОО,Папа-Карло,175498.0,Eurostroy Assortment,175500.0,МегаВАТТ,175800.0,МИР-инструментов,180790.0,ХОЗЯИН,180790.0
https://kaspi.kz/shop/p/denzel-energomatic-ps-115-946714-220-v-25-a-10-kvt-103509443/?c=710000000,103509443,00000014039,DENZEL Energomatic PS 115 (946714) 220 В\25 А\10 кВт,Denzel,Мир инструмента-Алматы в г. Караганда ТОО,МИР-инструментов,83850.0,ХОЗЯИН,83850.0,GMARKET KZ,83850.0,Qural-Saiman,83850.0,Торговый дом ТИЫН,83850.0
https://kaspi.kz/shop/p/denzel-ruchnoi-78531-300-mm-106375293/?c=710000000,106375293,УТ-00001864,DENZEL ручной 78531 300 мм,Denzel,Мир инструмента-Алматы в г. Караганда ТОО,ХОЗЯИН,5398.0,GMARKET KZ,5758.0,TaranTool,5787.0,Торговый дом ТИЫН,6160.0,Qural-Saiman,6192.0
https://kaspi.kz/shop/p/denzel-ruchnoi-78533-350-mm-106375291/?c=710000000,106375291,УТ-00001865,DENZEL ручной 78533 350 мм,Denzel,Мир инструмента-Алматы в г. Караганда ТОО,МИР-инструментов,7790.0,ХОЗЯИН,7790.0,GMARKET KZ,7790.0,Qural-Saiman,7790.0,Торговый дом ТИЫН,7790.0
https://kaspi.kz/shop/p/denzel-ruchnoi-78534-450-mm-104679641/?c=710000000,104679641,УТ-00001866,DENZEL ручной 78534 450 мм,Denzel,Мир инструмента-Алматы в г. Караганда ТОО,All Stroy,10380.0,МИР-инструментов,10380.0,ХОЗЯИН,10380.0,GMARKET KZ,10380.0,Qural-Saiman,10380.0
https://kaspi.kz/shop/p/denzel-ruchnoi-78536-600-mm-104679668/?c=710000000,104679668,УТ-00001867,DENZEL ручной 78536 600 мм,Denzel,Мир инструмента-Алматы в г. Караганда ТОО,Kiturami Казахстан,14370.0,МИР-инструментов,14370.0,ХОЗЯИН,14370.0,GMARKET KZ,14370.0,Qural-Saiman,14370.0
https://kaspi.kz/shop/p/denzel-ruchnoi-78538-760-mm-104679646/?c=710000000,104679646,УТ-00001868,DENZEL ручной 78538 760 мм,Denzel,Мир инструмента-Алматы в г. Караганда ТОО,МИР-инструментов,19800.0,ХОЗЯИН,19800.0,GMARKET KZ,19800.0,Qural-Saiman,19800.0,Торговый дом ТИЫН,19800.0
https://kaspi.kz/shop/p/denzel-ruchnoi-78500-225-mm-106393062/?c=710000000,106393062,УТ-00001863,DENZEL ручной 78500 225 мм,Denzel,Мир инструмента-Алматы в г. Караганда ТОО,Qural-Saiman,3469.0,ХОЗЯИН,3605.0,GMARKET KZ,3846.0,TaranTool,3865.0,Проф Инструмент,3960.0
https://kaspi.kz/shop/p/denzel-bur-705019-sds-plus-10h250h310-mm-1-sht-103536864/?c=710000000,103536864,00000063835,"DENZEL бур 705019 (SDS-plus, 10х250х310 мм) 1 шт",Denzel,Мир инструмента-Алматы в г. Караганда ТОО,ХОЗЯИН,882.0,GMARKET KZ,941.0,AVTO-PARADISE,1350.0,Qural-Saiman,1983.0,Торговый дом ТИЫН,2000.0
https://kaspi.kz/shop/p/denzel-bur-705035-sds-plus-14h540h600-mm-1-sht-103536868/?c=710000000,103536868,УТ-00001835,"DENZEL бур 705035 (SDS-plus, 14х540х600 мм) 1 шт",Denzel,Мир инструмента-Алматы в г. Караганда ТОО,Проф Инструмент,2450.0,ХОЗЯИН,2544.0,GMARKET KZ,2714.0,Qural-Saiman,2759.0,AVTO-PARADISE,4500.0
https://kaspi.kz/shop/p/denzel-bur-705036-sds-plus-16h110h160-mm-1-sht-109751118/?c=710000000,109751118,00000063836,"DENZEL бур 705036 (SDS-plus, 16х110х160 мм) 1 шт",Denzel,Мир инструмента-Алматы в г. Караганда ТОО,ХОЗЯИН,1036.0,GMARKET KZ,1106.0,Qural-Saiman,2135.0,,,,
https://kaspi.kz/shop/p/denzel-bur-705039-sds-plus-16h250h310-mm-1-sht-103536871/?c=710000000,103536871,00000063837,"DENZEL бур 705039 (SDS-plus, 16х250х310 мм) 1 шт",Denzel,Мир инструмента-Алматы в г. Караганда ТОО,Qural-Saiman,1358.0,ХОЗЯИН,1423.0,GMARKET KZ,1518.0,Торговый дом ТИЫН,2000.0,,
https://kaspi.kz/shop/p/denzel-bur-705049-sds-plus-20h400h460-mm-1-sht-103536875/?c=710000000,103536875,УТ-00001841,"DENZEL бур 705049 (SDS-plus, 20х400х460 мм) 1 шт",Denzel,Мир инструмента-Алматы в г. Караганда ТОО,ХОЗЯИН,3209.0,GMARKET KZ,3423.0,Qural-Saiman,3480.0,Торговый дом ТИЫН,4811.0,AVTO-PARADISE,5250.0
https://kaspi.kz/shop/p/denzel-bur-705050-sds-plus-20h540h600-mm-1-sht-103536876/?c=710000000,103536876,УТ-00001842,"DENZEL бур 705050 (SDS-plus, 20х540х600 мм) 1 шт",Denzel,Мир инструмента-Алматы в г. Караганда ТОО,GMARKET KZ,4786.0,Qural-Saiman,4866.0,Торговый дом ТИЫН,6728.0,,,,
https://kaspi.kz/shop/p/denzel-bur-705012-sds-plus-8h110h160-mm-1-sht-103536886/?c=710000000,103536886,00000063834,"DENZEL бур 705012 (SDS-plus, 8х110х160 мм) 1 шт",Denzel,Мир инструмента-Алматы в г. Караганда ТОО,ХОЗЯИН,502.0,GMARKET KZ,536.0,Qural-Saiman,558.0,Торговый дом ТИЫН,2000.0,,
https://kaspi.kz/shop/p/nabor-denzel-97283-7-m-103591950/?c=710000000,103591950,00000014503,Набор DENZEL 97283 7 м,Denzel,Мир инструмента-Алматы в г. Караганда ТОО,Строймаркет ALTOR,11630.0,ХОЗЯИН,11631.0,Qural-Saiman,12223.0,,,,
https://kaspi.kz/shop/p/denzel-gazovaja-ghg-30-30000-kvt-104109545/?c=710000000,104109545,00000063934,DENZEL газовая GHG-30 30000 кВт,Denzel,Мир инструмента-Алматы в г. Караганда ТОО,Строймаркет ALTOR,44865.0,Eurostroy Assortment,48399.0,ТОО AI-TOOLS,49150.0,ЭЛЕКТРО,52920.0,МИР-инструментов,53390.0
https://kaspi.kz/shop/p/denzel-gld-420-58805-101420702/?c=710000000,101420702,00000063826,DENZEL GLD-420 58805,Denzel,Мир инструмента-Алматы в г. Караганда ТОО,Ozturk,112100.0,ХОЗЯИН,122580.0,Qural-Saiman,122580.0,Проф Инструмент,122580.0,,
https://kaspi.kz/shop/p/denzel-gld-460-100109953/?c=710000000,100109953,00000014047,DENZEL GLD-460,Denzel,Мир инструмента-Алматы в г. Караганда ТОО,МИР-инструментов,148390.0,ХОЗЯИН,148390.0,Ozturk,148390.0,Qural-Saiman,148390.0,Торговый дом ТИЫН,148390.0
https://kaspi.kz/shop/p/denzel-gld-460sp-100109975/?c=710000000,100109975,00000014048,Denzel GLD-460SP,Denzel,Мир инструмента-Алматы в г. Караганда ТОО,Ozturk,147520.0,МИР-инструментов,161300.0,ХОЗЯИН,161300.0,Qural-Saiman,161300.0,Торговый дом ТИЫН,161300.0
https://kaspi.kz/shop/p/denzel-gld-520sp-bs-58807-101420791/?c=710000000,101420791,00000063828,DENZEL GLD-520SP-BS 58807,Denzel,Мир инструмента-Алматы в г. Караганда ТОО,Ozturk,271490.0,ХОЗЯИН,296840.0,Qural-Saiman,296840.0,,,,
https://kaspi.kz/shop/p/denzel-gld-520sp-ve-58806-101585560/?c=710000000,101585560,00000063827,DENZEL GLD-520SP-VE 58806,Denzel,Мир инструмента-Алматы в г. Караганда ТОО,Ozturk,265580.0,МИР-инструментов,290390.0,ХОЗЯИН,290390.0,GMARKET KZ,290390.0,Qural-Saiman,290390.0
https://kaspi.kz/shop/p/denzel-gld-520sp-100109929/?c=710000000,100109929,00000014049,Denzel GLD-520SP,Denzel,Мир инструмента-Алматы в г. Караганда ТОО,Строймаркет ALTOR,177535.0,МИР-инструментов,212930.0,ХОЗЯИН,212930.0,Ozturk,212930.0,Qural-Saiman,212930.0
https://kaspi.kz/shop/p/elektrostantsija-benzinovaja-denzel-ge8900-17900244/?c=710000000,17900244,00000013997,Электростанция бензиновая DENZEL GE8900,Denzel,Мир инструмента-Алматы в г. Караганда ТОО,Ozturk,294160.0,МИР-инструментов,319520.0,ХОЗЯИН,319520.0,Qural-Saiman,319520.0,Торговый дом ТИЫН,319520.0
https://kaspi.kz/shop/p/elektrostantsija-benzinovaja-denzel-ps-55-ea-946874-17900279/?c=710000000,17900279,00000014016,Электростанция бензиновая DENZEL PS 55 EA 946874,Denzel,Мир инструмента-Алматы в г. Караганда ТОО,Алтын Орда Строймаркет,313500.0,МИР-инструментов,313700.0,ХОЗЯИН,313700.0,Qural-Saiman,313700.0,ВсеИнструменты KZ,313700.0
https://kaspi.kz/shop/p/elektrostantsija-benzinovaja-denzel-ps-80-ea-946924-17900281/?c=710000000,17900281,00000014018,Электростанция бензиновая DENZEL PS 80 EA 946924,Denzel,Мир инструмента-Алматы в г. Караганда ТОО,Ozturk,351180.0,ХОЗЯИН,381460.0,GMARKET KZ,381460.0,Almaz_,381460.0,Qural-Saiman,381460.0
https://kaspi.kz/shop/p/elektrostantsija-benzinovaja-denzel-ps-33e-94537-104343533/?c=710000000,104343533,00000063902,Электростанция бензиновая DENZEL PS-33E 94537,Denzel,Мир инструмента-Алматы в г. Караганда ТОО,Папа-Карло,174210.0,МИР-инструментов,174210.0,ХОЗЯИН,174210.0,Ozturk,174210.0,Qural-Saiman,174210.0
https://kaspi.kz/shop/p/elektrostantsija-dizel-naja-denzel-dd6300e-17900246/?c=710000000,17900246,00000014026,Электростанция дизельная DENZEL DD6300Е,Denzel,Мир инструмента-Алматы в г. Караганда ТОО,Крепыж,413580.0,МИР-инструментов,413580.0,ХОЗЯИН,413580.0,GMARKET KZ,413580.0,Ozturk,413580.0
https://kaspi.kz/shop/p/denzel-almaznyi-73043-115x22-2-mm-109380862/?c=710000000,109380862,УТ-00001847,DENZEL алмазный 73043 115x22.2 мм,Denzel,Мир инструмента-Алматы в г. Караганда ТОО,ХОЗЯИН,3057.0,Qural-Saiman,3139.0,,,,,,
https://kaspi.kz/shop/p/denzel-almaznyi-73055-230x22-2-mm-108546604/?c=710000000,108546604,УТ-00001849,DENZEL алмазный 73055 230x22.2 мм,Denzel,Мир инструмента-Алматы в г. Караганда ТОО,ХОЗЯИН,9037.0,Qural-Saiman,10302.0,GMARKET KZ,14460.0,,,,
https://kaspi.kz/shop/p/denzel-almaznyi-73074-230x22-2-mm-108546609/?c=710000000,108546609,УТ-00001851,DENZEL алмазный 73074 230x22.2 мм,Denzel,Мир инструмента-Алматы в г. Караганда ТОО,ХОЗЯИН,9210.0,Qural-Saiman,10458.0,AVTO-PARADISE,13700.0,,,,
https://kaspi.kz/shop/p/denzel-73100-115h22-2-mm-100319334/?c=710000000,100319334,00000019698,DENZEL 73100 115х22.2 мм,Denzel,Мир инструмента-Алматы в г. Караганда ТОО,ХОЗЯИН,1050.0,Qural-Saiman,1255.0,,,,,,
https://kaspi.kz/shop/p/denzel-73118-115h22-2-mm-100314841/?c=710000000,100314841,00000019708,DENZEL 73118 115х22.2 мм,Denzel,Мир инструмента-Алматы в г. Караганда ТОО,ХОЗЯИН,975.0,GMARKET KZ,1040.0,Торговый дом ТИЫН,2000.0,Qural-Saiman,2709.0,,
https://kaspi.kz/shop/p/denzel-73106-115h22-2-mm-100320908/?c=710000000,100320908,00000019703,DENZEL 73106 115х22.2 мм,Denzel,Мир инструмента-Алматы в г. Караганда ТОО,ХОЗЯИН,1206.0,GMARKET KZ,1287.0,Qural-Saiman,1319.0,Торговый дом ТИЫН,2000.0,,
https://kaspi.kz/shop/p/denzel-73101-125h22-2-mm-100320854/?c=710000000,100320854,00000019699,DENZEL 73101 125х22.2 мм,Denzel,Мир инструмента-Алматы в г. Караганда ТОО,Qural-Saiman,1491.0,ХОЗЯИН,1541.0,GMARKET KZ,1644.0,Сеть магазинов TSSP,1900.0,Торговый дом ТИЫН,2000.0
https://kaspi.kz/shop/p/denzel-73126-150h22-2-mm-100320567/?c=710000000,100320567,00000019712,DENZEL 73126 150х22.2 мм,Denzel,Мир инструмента-Алматы в г. Караганда ТОО,Qural-Saiman,1821.0,ХОЗЯИН,1881.0,GMARKET KZ,2007.0,Торговый дом ТИЫН,3328.0,,
https://kaspi.kz/shop/p/denzel-73110-150h22-2-mm-100314891/?c=710000000,100314891,00000019705,DENZEL 73110 150х22.2 мм,Denzel,Мир инструмента-Алматы в г. Караганда ТОО,GMARKET KZ,2440.0,Торговый дом ТИЫН,2610.0,Qural-Saiman,4046.0,,,,
https://kaspi.kz/shop/p/denzel-73130-180h22-2-mm-100314849/?c=710000000,100314849,00000019714,DENZEL 73130 180х22.2 мм,Denzel,Мир инструмента-Алматы в г. Караганда ТОО,Qural-Saiman,2055.0,ХОЗЯИН,2056.0,,,,,,
https://kaspi.kz/shop/p/denzel-73104-230h22-2-mm-100314838/?c=710000000,100314838,00000019702,DENZEL 73104 230х22.2 мм,Denzel,Мир инструмента-Алматы в г. Караганда ТОО,ХОЗЯИН,5514.0,GMARKET KZ,5882.0,TaranTool,5911.0,Сеть магазинов TSSP,6785.0,Qural-Saiman,8073.0
https://kaspi.kz/shop/p/denzel-73132-230h22-2-mm-100314878/?c=710000000,100314878,00000019715,DENZEL 73132 230х22.2 мм,Denzel,Мир инструмента-Алматы в г. Караганда ТОО,Qural-Saiman,3794.0,GMARKET KZ,4048.0,TaranTool,4068.0,Торговый дом ТИЫН,4330.0,,
https://kaspi.kz/shop/p/denzel-almaznyi-73158-180x25-4-mm-108546614/?c=710000000,108546614,УТ-00001852,DENZEL алмазный 73158 180x25.4 мм,Denzel,Мир инструмента-Алматы в г. Караганда ТОО,ХОЗЯИН,6759.0,Qural-Saiman,8238.0,,,,,,
https://kaspi.kz/shop/p/denzel-almaznyi-73159-200x25-4-mm-108624200/?c=710000000,108624200,УТ-00001853,DENZEL алмазный 73159 200x25.4 мм,Denzel,Мир инструмента-Алматы в г. Караганда ТОО,ХОЗЯИН,7702.0,TaranTool,8257.0,Qural-Saiman,9093.0,GMARKET KZ,12324.0,,
https://kaspi.kz/shop/p/denzel-almaznyi-73160-250x25-4-mm-108546133/?c=710000000,108546133,УТ-00001854,DENZEL алмазный 73160 250x25.4 мм,Denzel,Мир инструмента-Алматы в г. Караганда ТОО,ХОЗЯИН,10986.0,TaranTool,11778.0,Qural-Saiman,12067.0,GMARKET KZ,17579.0,,
https://kaspi.kz/shop/p/denzel-almaznyi-73164-300x25-4-mm-108546620/?c=710000000,108546620,УТ-00001855,DENZEL алмазный 73164 300x25.4 мм,Denzel,Мир инструмента-Алматы в г. Караганда ТОО,ХОЗЯИН,16186.0,Qural-Saiman,17720.0,,,,,,
https://kaspi.kz/shop/p/denzel-nozh-disk-96340-1-sht-103643198/?c=710000000,103643198,00000014247,DENZEL нож/диск 96340 1 шт,Denzel,Мир инструмента-Алматы в г. Караганда ТОО,Сеть магазинов TSSP,1515.0,Qural-Saiman,1525.0,ХОЗЯИН,1575.0,Папа-Карло,1585.0,TaranTool,1709.0
https://kaspi.kz/shop/p/denzel-73398-125x22-100867705/?c=710000000,100867705,00000019911,DENZEL 73398 125x22,Denzel,Мир инструмента-Алматы в г. Караганда ТОО,Сеть магазинов TSSP,3070.0,Qural-Saiman,3080.0,ХОЗЯИН,3086.0,Строймаркет ALTOR,3183.0,GMARKET KZ,3292.0
https://kaspi.kz/shop/p/nasos-pogruzhnoi-denzel-dp1400x-27701288/?c=710000000,27701288,00000014519,Насос погружной DENZEL DP1400X,Denzel,Мир инструмента-Алматы в г. Караганда ТОО,ЭЛЕКТРО,50640.0,МИР ИНСТРУМEНТА,51820.0,МИР-инструментов,55000.0,ХОЗЯИН,55000.0,GMARKET KZ,55000.0
https://kaspi.kz/shop/p/nasos-pogruzhnoi-denzel-dp500e-27700799/?c=710000000,27700799,00000014509,Насос погружной DENZEL DP500E,Denzel,Мир инструмента-Алматы в г. Караганда ТОО,МИР ИНСТРУМEНТА,30350.0,МИР-инструментов,32220.0,ХОЗЯИН,32220.0,GMARKET KZ,32220.0,Qural-Saiman,32220.0
https://kaspi.kz/shop/p/nasos-pogruzhnoi-denzel-dph950-27700781/?c=710000000,27700781,00000014518,Насос погружной DENZEL DPХ950,Denzel,Мир инструмента-Алматы в г. Караганда ТОО,МИР-инструментов,36800.0,ЭЛЕКТРО,36800.0,ХОЗЯИН,39980.0,Qural-Saiman,39980.0,Комфорт,39980.0
https://kaspi.kz/shop/p/kanistra-vertikal-naja-denzel-53129-zheltaja-10-l-100429836/?c=710000000,100429836,00000016480,Канистра вертикальная DENZEL 53129 желтая 10 л,Denzel,Мир инструмента-Алматы в г. Караганда ТОО,ХОЗЯИН,4465.0,GMARKET KZ,4763.0,TaranTool,4787.0,Торговый дом ТИЫН,5095.0,Сеть магазинов TSSP,5490.0
https://kaspi.kz/shop/p/kanistra-vertikal-naja-denzel-53131-zheltaja-20-l-100429928/?c=710000000,100429928,00000016481,Канистра вертикальная DENZEL 53131 желтая 20 л,Denzel,Мир инструмента-Алматы в г. Караганда ТОО,Строймаркет ALTOR,6622.0,ХОЗЯИН,7346.0,GMARKET KZ,7836.0,TaranTool,7875.0,Qural-Saiman,8076.0
https://kaspi.kz/shop/p/denzel-tel-fer-do-1-t-52009-103555258/?c=710000000,103555258,00000014611,"DENZEL тельфер до 1 т, 52009",Denzel,Мир инструмента-Алматы в г. Караганда ТОО,All Stroy,67360.0,Qural-Saiman,73170.0,,,,,,
https://kaspi.kz/shop/p/denzel-katushka-s-leskoi-96369-1-sht-103905626/?c=710000000,103905626,00000063924,DENZEL катушка с леской 96369 1 шт,Denzel,Мир инструмента-Алматы в г. Караганда ТОО,Qural-Saiman,2294.0,ХОЗЯИН,2370.0,GMARKET KZ,2528.0,,,,
https://kaspi.kz/shop/p/denzel-katushka-s-leskoi-96358-1-sht-103905612/?c=710000000,103905612,00000014260,DENZEL катушка с леской 96358 1 шт,Denzel,Мир инструмента-Алматы в г. Караганда ТОО,ХОЗЯИН,2309.0,Qural-Saiman,3558.0,Проф Инструмент,3900.0,,,,
https://kaspi.kz/shop/p/denzel-katushka-s-leskoi-96363-1-sht-103905620/?c=710000000,103905620,00000014263,DENZEL катушка с леской 96363 1 шт,Denzel,Мир инструмента-Алматы в г. Караганда ТОО,Qural-Saiman,2490.0,ХОЗЯИН,2573.0,GMARKET KZ,2745.0,TaranTool,2759.0,Торговый дом ТИЫН,4216.0
https://kaspi.kz/shop/p/denzel-katushka-s-leskoi-96362-1-sht-103905613/?c=710000000,103905613,00000014262,DENZEL катушка с леской 96362 1 шт,Denzel,Мир инструмента-Алматы в г. Караганда ТОО,Qural-Saiman,2345.0,ХОЗЯИН,2346.0,GMARKET KZ,2503.0,Проф Инструмент,3150.0,Торговый дом ТИЫН,3840.0
https://kaspi.kz/shop/p/denzel-katushka-s-leskoi-96359-1-sht-103905638/?c=710000000,103905638,00000014261,DENZEL катушка с леской 96359 1 шт,Denzel,Мир инструмента-Алматы в г. Караганда ТОО,Qural-Saiman,1908.0,ХОЗЯИН,1972.0,GMARKET KZ,2104.0,Торговый дом ТИЫН,3104.0,AVTO-PARADISE,4000.0
https://kaspi.kz/shop/p/denzel-96304-103119466/?c=710000000,103119466,00000014223,DENZEL 96304,Denzel,Мир инструмента-Алматы в г. Караганда ТОО,Qural-Saiman,2537.0,ХОЗЯИН,2621.0,Проф Инструмент,3000.0,AVTO-PARADISE,5000.0,,
https://kaspi.kz/shop/p/denzel-katushka-s-leskoi-96302-1-sht-103905642/?c=710000000,103905642,00000014221,DENZEL катушка с леской 96302 1 шт,Denzel,Мир инструмента-Алматы в г. Караганда ТОО,ХОЗЯИН,870.0,GMARKET KZ,929.0,Qural-Saiman,1550.0,AVTO-PARADISE,3600.0,Болгарочка,3690.0
https://kaspi.kz/shop/p/denzel-katushka-s-leskoi-96364-1-sht-103905640/?c=710000000,103905640,00000014264,DENZEL катушка с леской 96364 1 шт,Denzel,Мир инструмента-Алматы в г. Караганда ТОО,Qural-Saiman,2778.0,Торговый дом ТИЫН,3238.0,AVTO-PARADISE,4200.0,,,,
https://kaspi.kz/shop/p/denzel-katushka-s-leskoi-96318-1-sht-103905621/?c=710000000,103905621,00000014231,DENZEL катушка с леской 96318 1 шт,Denzel,Мир инструмента-Алматы в г. Караганда ТОО,ХОЗЯИН,2876.0,Qural-Saiman,4450.0,,,,,,
https://kaspi.kz/shop/p/denzel-katushka-s-leskoi-96322-1-sht-103905641/?c=710000000,103905641,00000014234,DENZEL катушка с леской 96322 1 шт,Denzel,Мир инструмента-Алматы в г. Караганда ТОО,ХОЗЯИН,3121.0,TaranTool,3347.0,Qural-Saiman,4430.0,Торговый дом ТИЫН,4869.0,,
https://kaspi.kz/shop/p/denzel-katushka-s-leskoi-96316-1-sht-103905614/?c=710000000,103905614,00000014229,DENZEL катушка с леской 96316 1 шт,Denzel,Мир инструмента-Алматы в г. Караганда ТОО,Проф Инструмент,3840.0,Q-SAIMAN,4330.0,Qural-Saiman,4331.0,AVTO-PARADISE,4500.0,,
https://kaspi.kz/shop/p/denzel-katushka-s-leskoi-96314-1-sht-103905631/?c=710000000,103905631,00000014228,DENZEL катушка с леской 96314 1 шт,Denzel,Мир инструмента-Алматы в г. Караганда ТОО,ХОЗЯИН,3438.0,Торговый дом ТИЫН,5119.0,Qural-Saiman,5325.0,Проф Инструмент,5600.0,,
https://kaspi.kz/shop/p/denzel-kirka-21834-1-5-kg-106334081/?c=710000000,106334081,УТ-00001703,DENZEL кирка 21834 1.5 кг,Denzel,Мир инструмента-Алматы в г. Караганда ТОО,ХОЗЯИН,8235.0,GMARKET KZ,8784.0,TaranTool,8828.0,Qural-Saiman,9232.0,Торговый дом ТИЫН,9400.0
https://kaspi.kz/shop/p/denzel-kirka-21838-2-25-kg-106334088/?c=710000000,106334088,УТ-00001707,DENZEL кирка 21838 2.25 кг,Denzel,Мир инструмента-Алматы в г. Караганда ТОО,ХОЗЯИН,9558.0,GMARKET KZ,10196.0,Qural-Saiman,10810.0,Торговый дом ТИЫН,10910.0,AVTO-PARADISE,11500.0
https://kaspi.kz/shop/p/denzel-kirka-21836-106334086/?c=710000000,106334086,УТ-00001705,DENZEL кирка 21836,Denzel,Мир инструмента-Алматы в г. Караганда ТОО,ХОЗЯИН,9990.0,GMARKET KZ,10656.0,TaranTool,10709.0,Qural-Saiman,11706.0,Торговый дом ТИЫН,11706.0
https://kaspi.kz/shop/p/denzel-kirka-21831-106334078/?c=710000000,106334078,УТ-00001701,DENZEL кирка 21831,Denzel,Мир инструмента-Алматы в г. Караганда ТОО,Qural-Saiman,3678.0,GMARKET KZ,4005.0,TaranTool,4025.0,All Stroy,5390.0,Торговый дом ТИЫН,5734.0
https://kaspi.kz/shop/p/denzel-kirka-21837-106334071/?c=710000000,106334071,УТ-00001706,DENZEL кирка 21837,Denzel,Мир инструмента-Алматы в г. Караганда ТОО,ХОЗЯИН,9055.0,GMARKET KZ,9659.0,Qural-Saiman,10810.0,Торговый дом ТИЫН,10810.0,AVTO-PARADISE,14600.0
https://kaspi.kz/shop/p/denzel-97559-102688107/?c=710000000,102688107,00000014395,DENZEL 97559,Denzel,Мир инструмента-Алматы в г. Караганда ТОО,Сеть магазинов TSSP,954.0,ТД ИНСТРУМЕНТ,964.0,ХОЗЯИН,975.0,Строймаркет ALTOR,986.0,GMARKET KZ,1040.0
https://kaspi.kz/shop/p/denzel-krimper-17744-285-mm-112708814/?c=710000000,112708814,УТ-00001659,DENZEL кримпер 17744 285 мм,Denzel,Мир инструмента-Алматы в г. Караганда ТОО,ХОЗЯИН,11277.0,Qural-Saiman,11683.0,GMARKET KZ,12029.0,ТОО AI-TOOLS,13280.0,,
https://kaspi.kz/shop/p/denzel-84839-220-103750437/?c=710000000,103750437,УТ-00001879,DENZEL 84839 220,Denzel,Мир инструмента-Алматы в г. Караганда ТОО,ХОЗЯИН,5909.0,TaranTool,6335.0,Qural-Saiman,6549.0,Торговый дом ТИЫН,6745.0,GMARKET KZ,9455.0
https://kaspi.kz/shop/p/kompressor-bezmasljanyi-denzel-dls650-10-50600031/?c=710000000,50600031,00000013954,Компрессор безмасляный DENZEL DLS650/10,Denzel,Мир инструмента-Алматы в г. Караганда ТОО,ЭКОНОМ СТРОЙ,65100.0,All Stroy,65100.0,МИР-инструментов,65100.0,ХОЗЯИН,65100.0,Qural-Saiman,65100.0
https://kaspi.kz/shop/p/avtokompressor-denzel-porshnevyi-58054-ds-20-22600055/?c=710000000,22600055,00000014540,Автокомпрессор DENZEL поршневый 58054 DС-20,Denzel,Мир инструмента-Алматы в г. Караганда ТОО,Строймаркет ALTOR,9612.0,STROYMANIA,11070.0,LN Project,11070.0,Комфорт,11070.0,Папа-Карло,11290.0
https://kaspi.kz/shop/p/kompressor-masljanyi-denzel-dkv2200-100-h-pro-50600035/?c=710000000,50600035,00000013973,Компрессор масляный DENZEL DKV2200/100 Х-PRO,Denzel,Мир инструмента-Алматы в г. Караганда ТОО,Папа-Карло,191820.0,МИР-инструментов,208360.0,Ozturk,208360.0,Алтын Орда Строймаркет,208360.0,Qural-Saiman,208360.0
https://kaspi.kz/shop/p/kompressor-bezmasljanyi-denzel-rs-1-6-180-50600019/?c=710000000,50600019,00000013962,Компрессор безмасляный DENZEL РС 1/6-180,Denzel,Мир инструмента-Алматы в г. Караганда ТОО,Строймаркет ALTOR,54475.0,МИР-инструментов,67860.0,Сеть магазинов TSSP,67860.0,ХОЗЯИН,67860.0,GMARKET KZ,67860.0
https://kaspi.kz/shop/p/konvektor-denzel-hybridx-1000-belyi-108179341/?c=710000000,108179341,УТ-00001992,Конвектор DENZEL HybridX-1000 белый,Denzel,Мир инструмента-Алматы в г. Караганда ТОО,Строймаркет ALTOR,30276.0,МИР-инструментов,32239.0,ЭЛЕКТРО,32240.0,Комфорт,34240.0,ХОЗЯИН,37190.0
https://kaspi.kz/shop/p/konvektor-denzel-optiprime-1000-belyi-108527294/?c=710000000,108527294,УТ-00001995,конвектор DENZEL OptiPrime-1000 белый,Denzel,Мир инструмента-Алматы в г. Караганда ТОО,STROYMANIA,49000.0,МИР-инструментов,50290.0,ХОЗЯИН,50290.0,Qural-Saiman,50290.0,Торговый дом ТИЫН,50290.0
https://kaspi.kz/shop/p/konvektor-denzel-xce-1000-100751053/?c=710000000,100751053,00000014434,конвектор DENZEL XCE-1000,Denzel,Мир инструмента-Алматы в г. Караганда ТОО,Строймаркет ALTOR,14184.0,STROYMANIA,16700.0,МИР-инструментов,18180.0,ХОЗЯИН,18180.0,GMARKET KZ,18180.0
https://kaspi.kz/shop/p/denzel-724102-1-sht-103706103/?c=710000000,103706103,00000063860,DENZEL 724102 1 шт,Denzel,Мир инструмента-Алматы в г. Караганда ТОО,ХОЗЯИН,988.0,GMARKET KZ,1054.0,Торговый дом ТИЫН,2000.0,Qural-Saiman,2013.0,,
https://kaspi.kz/shop/p/denzel-724103-1-sht-103706588/?c=710000000,103706588,00000063861,DENZEL 724103 1 шт,Denzel,Мир инструмента-Алматы в г. Караганда ТОО,ХОЗЯИН,1047.0,GMARKET KZ,1117.0,AVTO-PARADISE,1600.0,Qural-Saiman,2074.0,,
https://kaspi.kz/shop/p/denzel-724105-1-sht-103706473/?c=710000000,103706473,00000063863,DENZEL 724105 1 шт,Denzel,Мир инструмента-Алматы в г. Караганда ТОО,TaranTool,1208.0,ХОЗЯИН,1210.0,GMARKET KZ,1291.0,Торговый дом ТИЫН,2000.0,AVTO-PARADISE,2000.0
https://kaspi.kz/shop/p/denzel-724107-1-sht-103706520/?c=710000000,103706520,00000063865,DENZEL 724107 1 шт,Denzel,Мир инструмента-Алматы в г. Караганда ТОО,Строймаркет ALTOR,1281.0,Qural-Saiman,1281.0,ХОЗЯИН,1328.0,GMARKET KZ,1417.0,Торговый дом ТИЫН,2000.0
https://kaspi.kz/shop/p/denzel-724108-1-sht-103706460/?c=710000000,103706460,00000063866,DENZEL 724108 1 шт,Denzel,Мир инструмента-Алматы в г. Караганда ТОО,Строймаркет ALTOR,1313.0,GMARKET KZ,1462.0,Торговый дом ТИЫН,2000.0,Qural-Saiman,2411.0,AVTO-PARADISE,2500.0
https://kaspi.kz/shop/p/denzel-724111-1-sht-103706445/?c=710000000,103706445,00000063869,DENZEL 724111 1 шт,Denzel,Мир инструмента-Алматы в г. Караганда ТОО,Строймаркет ALTOR,1697.0,ХОЗЯИН,1772.0,Qural-Saiman,1840.0,GMARKET KZ,1891.0,Торговый дом ТИЫН,2658.0
https://kaspi.kz/shop/p/denzel-724114-1-sht-103706720/?c=710000000,103706720,00000063872,DENZEL 724114 1 шт,Denzel,Мир инструмента-Алматы в г. Караганда ТОО,Строймаркет ALTOR,1853.0,Qural-Saiman,1933.0,GMARKET KZ,2065.0,Торговый дом ТИЫН,2904.0,AVTO-PARADISE,3400.0
https://kaspi.kz/shop/p/denzel-724115-1-sht-103706409/?c=710000000,103706409,00000063873,DENZEL 724115 1 шт,Denzel,Мир инструмента-Алматы в г. Караганда ТОО,ХОЗЯИН,2083.0,GMARKET KZ,2222.0,Торговый дом ТИЫН,3123.0,Qural-Saiman,3152.0,AVTO-PARADISE,4000.0
https://kaspi.kz/shop/p/denzel-724117-1-sht-103706076/?c=710000000,103706076,00000063875,DENZEL 724117 1 шт,Denzel,Мир инструмента-Алматы в г. Караганда ТОО,ХОЗЯИН,2482.0,GMARKET KZ,2648.0,Qural-Saiman,3568.0,Торговый дом ТИЫН,3722.0,AVTO-PARADISE,4050.0
https://kaspi.kz/shop/p/denzel-724122-1-sht-103706558/?c=710000000,103706558,00000063880,DENZEL 724122 1 шт,Denzel,Мир инструмента-Алматы в г. Караганда ТОО,GMARKET KZ,3445.0,TaranTool,3462.0,Q-SAIMAN,3635.0,Qural-Saiman,4345.0,Комфорт,4790.0
https://kaspi.kz/shop/p/denzel-724003-1-sht-103706704/?c=710000000,103706704,00000063840,DENZEL 724003 1 шт,Denzel,Мир инструмента-Алматы в г. Караганда ТОО,ТД ИНСТРУМЕНТ,1488.0,Qural-Saiman,1488.0,GMARKET KZ,1641.0,Сеть магазинов TSSP,1890.0,Торговый дом ТИЫН,2000.0
https://kaspi.kz/shop/p/denzel-724009-1-sht-103706731/?c=710000000,103706731,00000063846,DENZEL 724009 1 шт,Denzel,Мир инструмента-Алматы в г. Караганда ТОО,Сеть магазинов TSSP,2302.0,GMARKET KZ,2312.0,TaranTool,2324.0,Qural-Saiman,2449.0,Торговый дом ТИЫН,2475.0
https://kaspi.kz/shop/p/denzel-724012-1-sht-103706323/?c=710000000,103706323,00000063849,DENZEL 724012 1 шт,Denzel,Мир инструмента-Алматы в г. Караганда ТОО,Сеть магазинов TSSP,2735.0,ТД ИНСТРУМЕНТ,2745.0,ХОЗЯИН,2765.0,GMARKET KZ,2950.0,TaranTool,2965.0
https://kaspi.kz/shop/p/denzel-abrazivnyi-73752-115x22-2-mm-103671377/?c=710000000,103671377,00000020297,DENZEL абразивный 73752 115x22.2 мм,Denzel,Мир инструмента-Алматы в г. Караганда ТОО,GMARKET KZ,236.0,Строймаркет ALTOR,656.0,Торговый дом ТИЫН,2000.0,Qural-Saiman,2050.0,,
https://kaspi.kz/shop/p/denzel-abrazivnyi-73753-115x22-2-mm-103667776/?c=710000000,103667776,00000020298,DENZEL абразивный 73753 115x22.2 мм,Denzel,Мир инструмента-Алматы в г. Караганда ТОО,Строймаркет ALTOR,224.0,ХОЗЯИН,225.0,GMARKET KZ,241.0,Торговый дом ТИЫН,2000.0,Qural-Saiman,2050.0
https://kaspi.kz/shop/p/denzel-abrazivnyi-73754-115x22-2-mm-103706663/?c=710000000,103706663,00000020299,DENZEL абразивный 73754 115x22.2 мм,Denzel,Мир инструмента-Алматы в г. Караганда ТОО,GMARKET KZ,249.0,Торговый дом ТИЫН,2000.0,Qural-Saiman,2059.0,,,,
https://kaspi.kz/shop/p/denzel-abrazivnyi-73773-150x22-2-mm-103706069/?c=710000000,103706069,00000020303,DENZEL абразивный 73773 150x22.2 мм,Denzel,Мир инструмента-Алматы в г. Караганда ТОО,GMARKET KZ,445.0,Комфорт,490.0,AVTO-PARADISE,800.0,Qural-Saiman,1715.0,Торговый дом ТИЫН,2000.0
https://kaspi.kz/shop/p/denzel-abrazivnyi-73775-150x22-2-mm-103671236/?c=710000000,103671236,00000020304,DENZEL абразивный 73775 150x22.2 мм,Denzel,Мир инструмента-Алматы в г. Караганда ТОО,ХОЗЯИН,454.0,Qural-Saiman,629.0,,,,,,
https://kaspi.kz/shop/p/denzel-abrazivnyi-73792-230x22-2-mm-103671257/?c=710000000,103671257,00000020307,DENZEL абразивный 73792 230x22.2 мм,Denzel,Мир инструмента-Алматы в г. Караганда ТОО,ХОЗЯИН,649.0,GMARKET KZ,693.0,Торговый дом ТИЫН,2000.0,Qural-Saiman,2051.0,,
https://kaspi.kz/shop/p/denzel-lineinyi-35056-lx-02-red-103553083/?c=710000000,103553083,00000063792,DENZEL линейный 35056 LX 02 Red,Denzel,Мир инструмента-Алматы в г. Караганда ТОО,Строймаркет ALTOR,12642.0,All Stroy,15540.0,ЭЛЕКТРО,15540.0,МИР-инструментов,16880.0,ХОЗЯИН,16880.0
https://kaspi.kz/shop/p/denzel-lineinyi-35058-lx-03-green-103553086/?c=710000000,103553086,00000063793,DENZEL линейный 35058 LX 03 Green,Denzel,Мир инструмента-Алматы в г. Караганда ТОО,Строймаркет ALTOR,18946.0,ЭЛЕКТРО,23280.0,All Stroy,25290.0,МИР-инструментов,25290.0,ХОЗЯИН,25290.0
https://kaspi.kz/shop/p/denzel-lineinyi-lx-05-red-35071-104425546/?c=710000000,104425546,УТ-00001733,DENZEL линейный LX 05 Red 35071,Denzel,Мир инструмента-Алматы в г. Караганда ТОО,ЭЛЕКТРО,53490.0,МИР-инструментов,58110.0,ХОЗЯИН,58110.0,GMARKET KZ,58110.0,Qural-Saiman,58110.0
https://kaspi.kz/shop/p/denzel-lineinyi-lx-06-green-35072-104425548/?c=710000000,104425548,УТ-00001734,DENZEL линейный LX 06 Green 35072,Denzel,Мир инструмента-Алматы в г. Караганда ТОО,ЭЛЕКТРО,71120.0,МИР-инструментов,77250.0,ХОЗЯИН,77250.0,GMARKET KZ,77250.0,Ozturk,77250.0
https://kaspi.kz/shop/p/denzel-lineinyi-lx-360-2-red-35076-103155946/?c=710000000,103155946,00000063794,DENZEL линейный LX 360-2 Red 35076,Denzel,Мир инструмента-Алматы в г. Караганда ТОО,All Stroy,53250.0,ЭЛЕКТРО,53250.0,МИР-инструментов,57850.0,ХОЗЯИН,57850.0,Qural-Saiman,57850.0
https://kaspi.kz/shop/p/denzel-lx-360-3-red-35077-103155952/?c=710000000,103155952,00000063795,Denzel LX 360-3 Red 35077,Denzel,Мир инструмента-Алматы в г. Караганда ТОО,All Stroy,60720.0,Алтын Орда Строймаркет,60720.0,ИП IP NURMAN,61000.0,МИР-инструментов,65960.0,ХОЗЯИН,65960.0
https://kaspi.kz/shop/p/lebedka-elektricheskaja-denzel-lb-4000-28-m-42700003/?c=710000000,42700003,00000014535,Лебедка электрическая DENZEL LB-4000 28 м,Denzel,Мир инструмента-Алматы в г. Караганда ТОО,Ozturk,231530.0,ХОЗЯИН,253330.0,Qural-Saiman,253330.0,,,,
https://kaspi.kz/shop/p/denzel-leska-extra-cord-96185-1-sht-105618426/?c=710000000,105618426,00000014143,DENZEL леска Extra Cord 96185 1 шт,Denzel,Мир инструмента-Алматы в г. Караганда ТОО,ХОЗЯИН,554.0,МЕГАСТРОЙ АСТАНА DIY,1280.0,Qural-Saiman,1867.0,Торговый дом ТИЫН,2000.0,,
https://kaspi.kz/shop/p/denzel-leska-extra-cord-96180-2-4-mm-15-m-1-sht-103964635/?c=710000000,103964635,00000014138,DENZEL леска Extra Cord 96180 2.4 мм 15 м 1 шт,Denzel,Мир инструмента-Алматы в г. Караганда ТОО,ХОЗЯИН,535.0,Qural-Saiman,750.0,МЕГАСТРОЙ АСТАНА DIY,990.0,AVTO-PARADISE,1000.0,Торговый дом ТИЫН,2000.0
https://kaspi.kz/shop/p/denzel-leska-flex-cord-96104-50-sht-105617688/?c=710000000,105617688,00000014083,DENZEL леска Flex Cord 96104 50 шт,Denzel,Мир инструмента-Алматы в г. Караганда ТОО,ХОЗЯИН,743.0,GMARKET KZ,1190.0,AVTO-PARADISE,1500.0,Торговый дом ТИЫН,2000.0,Qural-Saiman,2213.0
https://kaspi.kz/shop/p/denzel-katushka-s-leskoi-96823-1-sht-108697935/?c=710000000,108697935,УТ-00001979,DENZEL катушка с леской 96823 1 шт,Denzel,Мир инструмента-Алматы в г. Караганда ТОО,ХОЗЯИН,7071.0,Qural-Saiman,8184.0,Торговый дом ТИЫН,8184.0,GMARKET KZ,11315.0,,
https://kaspi.kz/shop/p/denzel-katushka-s-leskoi-96824-1-sht-108697936/?c=710000000,108697936,УТ-00001980,DENZEL катушка с леской 96824 1 шт,Denzel,Мир инструмента-Алматы в г. Караганда ТОО,ХОЗЯИН,7200.0,Qural-Saiman,8184.0,,,,,,
https://kaspi.kz/shop/p/denzel-leska-96826-1-sht-108459940/?c=710000000,108459940,УТ-00001982,DENZEL леска 96826 1 шт,Denzel,Мир инструмента-Алматы в г. Караганда ТОО,Qural-Saiman,8184.0,,,,,,,,
https://kaspi.kz/shop/p/denzel-katushka-s-leskoi-96812-1-sht-108697927/?c=710000000,108697927,УТ-00001971,DENZEL катушка с леской 96812 1 шт,Denzel,Мир инструмента-Алматы в г. Караганда ТОО,ХОЗЯИН,6239.0,Qural-Saiman,7468.0,GMARKET KZ,9983.0,,,,
https://kaspi.kz/shop/p/denzel-katushka-s-leskoi-96813-1-sht-108697928/?c=710000000,108697928,УТ-00001972,DENZEL катушка с леской 96813 1 шт,Denzel,Мир инструмента-Алматы в г. Караганда ТОО,ХОЗЯИН,6239.0,Qural-Saiman,7468.0,GMARKET KZ,9983.0,,,,
https://kaspi.kz/shop/p/denzel-katushka-s-leskoi-96843-1-sht-108697954/?c=710000000,108697954,УТ-00001985,DENZEL катушка с леской 96843 1 шт,Denzel,Мир инструмента-Алматы в г. Караганда ТОО,ХОЗЯИН,6239.0,Qural-Saiman,7468.0,,,,,,
https://kaspi.kz/shop/p/denzel-katushka-s-leskoi-96816-1-sht-108697929/?c=710000000,108697929,УТ-00001974,DENZEL катушка с леской 96816 1 шт,Denzel,Мир инструмента-Алматы в г. Караганда ТОО,ХОЗЯИН,6239.0,Qural-Saiman,7468.0,GMARKET KZ,9983.0,,,,
https://kaspi.kz/shop/p/denzel-katushka-s-leskoi-96827-1-sht-108697942/?c=710000000,108697942,УТ-00001983,DENZEL катушка с леской 96827 1 шт,Denzel,Мир инструмента-Алматы в г. Караганда ТОО,ХОЗЯИН,6513.0,Qural-Saiman,7704.0,Торговый дом ТИЫН,7704.0,GMARKET KZ,10422.0,,
https://kaspi.kz/shop/p/denzel-leska-96828-1-sht-108697944/?c=710000000,108697944,УТ-00001984,DENZEL леска 96828 1 шт,Denzel,Мир инструмента-Алматы в г. Караганда ТОО,ХОЗЯИН,6513.0,Qural-Saiman,7704.0,GMARKET KZ,10422.0,,,,
https://kaspi.kz/shop/p/denzel-leska-extra-cord-96124-1-sht-105617851/?c=710000000,105617851,00000014103,DENZEL леска Extra Cord 96124 1 шт,Denzel,Мир инструмента-Алматы в г. Караганда ТОО,ХОЗЯИН,431.0,GMARKET KZ,460.0,Торговый дом ТИЫН,2000.0,Qural-Saiman,2231.0,,
https://kaspi.kz/shop/p/denzel-leska-extra-cord-96125-1-sht-105619326/?c=710000000,105619326,00000014104,DENZEL леска Extra Cord 96125 1 шт,Denzel,Мир инструмента-Алматы в г. Караганда ТОО,ХОЗЯИН,624.0,GMARKET KZ,666.0,Торговый дом ТИЫН,2000.0,Qural-Saiman,2016.0,,
https://kaspi.kz/shop/p/denzel-leska-extra-cord-96126-1-sht-105617824/?c=710000000,105617824,00000014105,DENZEL леска Extra Cord 96126 1 шт,Denzel,Мир инструмента-Алматы в г. Караганда ТОО,ХОЗЯИН,686.0,GMARKET KZ,732.0,Торговый дом ТИЫН,2000.0,Qural-Saiman,2595.0,,
https://kaspi.kz/shop/p/denzel-katushka-s-leskoi-96819-1-sht-108697932/?c=710000000,108697932,УТ-00001976,DENZEL катушка с леской 96819 1 шт,Denzel,Мир инструмента-Алматы в г. Караганда ТОО,ХОЗЯИН,6239.0,Qural-Saiman,7468.0,GMARKET KZ,9983.0,,,,
https://kaspi.kz/shop/p/denzel-katushka-s-leskoi-96821-1-sht-108697934/?c=710000000,108697934,УТ-00001977,DENZEL катушка с леской 96821 1 шт,Denzel,Мир инструмента-Алматы в г. Караганда ТОО,ХОЗЯИН,6239.0,Qural-Saiman,7468.0,GMARKET KZ,9983.0,,,,
https://kaspi.kz/shop/p/denzel-leska-extra-cord-96127-1-sht-15-m-104416466/?c=710000000,104416466,00000014106,DENZEL леска Extra Cord 96127 1 шт 15 м,Denzel,Мир инструмента-Алматы в г. Караганда ТОО,ХОЗЯИН,435.0,GMARKET KZ,465.0,titool_makita,650.0,Курал-М,650.0,Торговый дом ТИЫН,2000.0
https://kaspi.kz/shop/p/denzel-leska-extra-cord-96128-1-sht-15-m-104416492/?c=710000000,104416492,00000014107,DENZEL леска Extra Cord 96128 1 шт 15 м,Denzel,Мир инструмента-Алматы в г. Караганда ТОО,ХОЗЯИН,619.0,GMARKET KZ,661.0,titool_makita,925.0,Курал-М,925.0,Qural-Saiman,1967.0
https://kaspi.kz/shop/p/denzel-leska-extra-cord-96129-1-sht-15-m-104416566/?c=710000000,104416566,00000014108,DENZEL леска Extra Cord 96129 1 шт 15 м,Denzel,Мир инструмента-Алматы в г. Караганда ТОО,ХОЗЯИН,776.0,GMARKET KZ,828.0,titool_makita,1045.0,Курал-М,1045.0,Торговый дом ТИЫН,2000.0
https://kaspi.kz/shop/p/denzel-katushka-s-leskoi-96807-1-sht-108697925/?c=710000000,108697925,УТ-00001967,DENZEL катушка с леской 96807 1 шт,Denzel,Мир инструмента-Алматы в г. Караганда ТОО,ХОЗЯИН,6239.0,Qural-Saiman,7468.0,GMARKET KZ,9983.0,,,,
https://kaspi.kz/shop/p/denzel-katushka-s-leskoi-96808-1-sht-108697926/?c=710000000,108697926,УТ-00001968,DENZEL катушка с леской 96808 1 шт,Denzel,Мир инструмента-Алматы в г. Караганда ТОО,ХОЗЯИН,6239.0,Qural-Saiman,7468.0,GMARKET KZ,9983.0,,,,
https://kaspi.kz/shop/p/denzel-katushka-s-leskoi-96809-1-sht-108697924/?c=710000000,108697924,УТ-00001969,DENZEL катушка с леской 96809 1 шт,Denzel,Мир инструмента-Алматы в г. Караганда ТОО,ХОЗЯИН,6239.0,Qural-Saiman,7468.0,,,,,,
https://kaspi.kz/shop/p/denzel-katushka-s-leskoi-96811-1-sht-108697922/?c=710000000,108697922,УТ-00001970,DENZEL катушка с леской 96811 1 шт,Denzel,Мир инструмента-Алматы в г. Караганда ТОО,ХОЗЯИН,6239.0,Qural-Saiman,7468.0,,,,,,
https://kaspi.kz/shop/p/denzel-leska-flex-cord-96111-1-sht-105618674/?c=710000000,105618674,00000014090,DENZEL леска Flex Cord 96111 1 шт,Denzel,Мир инструмента-Алматы в г. Караганда ТОО,ХОЗЯИН,307.0,GMARKET KZ,328.0,Торговый дом ТИЫН,2000.0,Qural-Saiman,2140.0,,
https://kaspi.kz/shop/p/denzel-leska-96120-1-sht-105304794/?c=710000000,105304794,00000014099,DENZEL леска 96120 1 шт,Denzel,Мир инструмента-Алматы в г. Караганда ТОО,ХОЗЯИН,832.0,GMARKET KZ,888.0,Home Tools,1300.0,Торговый дом ТИЫН,2000.0,Qural-Saiman,2816.0
https://kaspi.kz/shop/p/denzel-leska-flex-cord-96112-1-sht-105617890/?c=710000000,105617890,00000014091,DENZEL леска Flex Cord 96112 1 шт,Denzel,Мир инструмента-Алматы в г. Караганда ТОО,ХОЗЯИН,364.0,GMARKET KZ,389.0,Торговый дом ТИЫН,2000.0,Qural-Saiman,2202.0,,
https://kaspi.kz/shop/p/denzel-leska-96121-1-sht-105304840/?c=710000000,105304840,00000014100,DENZEL леска 96121 1 шт,Denzel,Мир инструмента-Алматы в г. Караганда ТОО,ХОЗЯИН,931.0,GMARKET KZ,994.0,AVTO-PARADISE,2300.0,Qural-Saiman,2343.0,,
https://kaspi.kz/shop/p/denzel-leska-flex-sord-96113-1-sht-105617739/?c=710000000,105617739,00000014092,DENZEL леска Flex Сord 96113 1 шт,Denzel,Мир инструмента-Алматы в г. Караганда ТОО,ХОЗЯИН,501.0,GMARKET KZ,535.0,Qural-Saiman,2353.0,,,,
https://kaspi.kz/shop/p/denzel-leska-96114-1-sht-105561519/?c=710000000,105561519,00000014093,DENZEL леска 96114 1 шт,Denzel,Мир инструмента-Алматы в г. Караганда ТОО,ХОЗЯИН,302.0,GMARKET KZ,323.0,Сеть магазинов TSSP,370.0,Комфорт,590.0,Qural-Saiman,1581.0
https://kaspi.kz/shop/p/denzel-leska-flex-cord-96115-1-sht-105618339/?c=710000000,105618339,00000014094,DENZEL леска Flex Cord 96115 1 шт,Denzel,Мир инструмента-Алматы в г. Караганда ТОО,ХОЗЯИН,378.0,GMARKET KZ,404.0,Qural-Saiman,1686.0,Торговый дом ТИЫН,2000.0,,
https://kaspi.kz/shop/p/denzel-leska-96122-1-sht-105304806/?c=710000000,105304806,00000014101,DENZEL леска 96122 1 шт,Denzel,Мир инструмента-Алматы в г. Караганда ТОО,ХОЗЯИН,1012.0,GMARKET KZ,1080.0,Торговый дом ТИЫН,2000.0,AVTO-PARADISE,2500.0,Qural-Saiman,3004.0
https://kaspi.kz/shop/p/denzel-leska-flex-cord-96116-1-sht-105618511/?c=710000000,105618511,00000014095,DENZEL леска Flex Cord 96116 1 шт,Denzel,Мир инструмента-Алматы в г. Караганда ТОО,ХОЗЯИН,468.0,GMARKET KZ,500.0,Qural-Saiman,2379.0,,,,
https://kaspi.kz/shop/p/denzel-leska-96123-1-sht-105304775/?c=710000000,105304775,00000014102,DENZEL леска 96123 1 шт,Denzel,Мир инструмента-Алматы в г. Караганда ТОО,GMARKET KZ,1080.0,TaranTool,1091.0,Торговый дом ТИЫН,2000.0,AVTO-PARADISE,2300.0,Qural-Saiman,3004.0
https://kaspi.kz/shop/p/denzel-leska-flex-cord-96117-1-sht-105617913/?c=710000000,105617913,00000014096,DENZEL леска Flex Cord 96117 1 шт,Denzel,Мир инструмента-Алматы в г. Караганда ТОО,ХОЗЯИН,624.0,GMARKET KZ,666.0,Qural-Saiman,1983.0,Торговый дом ТИЫН,2000.0,,
https://kaspi.kz/shop/p/denzel-leska-96181-1-sht-107691115/?c=710000000,107691115,00000014139,DENZEL леска 96181 1 шт,Denzel,Мир инструмента-Алматы в г. Караганда ТОО,ХОЗЯИН,264.0,Qural-Saiman,2114.0,,,,,,
https://kaspi.kz/shop/p/denzel-leska-96103-50-sht-104096034/?c=710000000,104096034,00000014082,DENZEL леска 96103 50 шт,Denzel,Мир инструмента-Алматы в г. Караганда ТОО,ХОЗЯИН,440.0,GMARKET KZ,470.0,Сеть магазинов TSSP,545.0,Торговый дом ТИЫН,2000.0,Qural-Saiman,2311.0
https://kaspi.kz/shop/p/denzel-leska-flex-cord-96102-50-sht-105617704/?c=710000000,105617704,00000014081,DENZEL леска Flex Cord 96102 50 шт,Denzel,Мир инструмента-Алматы в г. Караганда ТОО,ХОЗЯИН,355.0,GMARKET KZ,379.0,Сеть магазинов TSSP,440.0,Торговый дом ТИЫН,2000.0,Qural-Saiman,2209.0
https://kaspi.kz/shop/p/denzel-leska-96106-1-sht-105561488/?c=710000000,105561488,00000014085,DENZEL леска 96106 1 шт,Denzel,Мир инструмента-Алматы в г. Караганда ТОО,ХОЗЯИН,284.0,GMARKET KZ,303.0,Сеть магазинов TSSP,345.0,AVTO-PARADISE,600.0,Qural-Saiman,1546.0
https://kaspi.kz/shop/p/denzel-leska-flex-cord-96107-1-sht-104161150/?c=710000000,104161150,00000014086,DENZEL леска Flex Cord 96107 1 шт,Denzel,Мир инструмента-Алматы в г. Караганда ТОО,ХОЗЯИН,336.0,GMARKET KZ,359.0,Сеть магазинов TSSP,415.0,Комфорт,750.0,AVTO-PARADISE,750.0
https://kaspi.kz/shop/p/denzel-leska-96118-1-sht-105304837/?c=710000000,105304837,00000014097,DENZEL леска 96118 1 шт,Denzel,Мир инструмента-Алматы в г. Караганда ТОО,ХОЗЯИН,984.0,GMARKET KZ,1050.0,Торговый дом ТИЫН,2000.0,Qural-Saiman,3004.0,,
https://kaspi.kz/shop/p/denzel-leska-flex-cord-96108-1-sht-104161148/?c=710000000,104161148,00000014087,DENZEL леска Flex Cord 96108 1 шт,Denzel,Мир инструмента-Алматы в г. Караганда ТОО,ХОЗЯИН,406.0,GMARKET KZ,434.0,Сеть магазинов TSSP,500.0,All Stroy,825.0,Комфорт,890.0
https://kaspi.kz/shop/p/denzel-leska-flex-cord-96119-1-sht-105617759/?c=710000000,105617759,00000014098,DENZEL леска Flex Cord 96119 1 шт,Denzel,Мир инструмента-Алматы в г. Караганда ТОО,ХОЗЯИН,1003.0,GMARKET KZ,1070.0,Торговый дом ТИЫН,2000.0,Qural-Saiman,3044.0,,
https://kaspi.kz/shop/p/denzel-leska-flex-cord-96109-3-mm-15-m-1-sht-103964694/?c=710000000,103964694,00000014088,DENZEL леска Flex Cord 96109 3 мм 15 м 1 шт,Denzel,Мир инструмента-Алматы в г. Караганда ТОО,Qural-Saiman,720.0,Крепыж,890.0,,,,,,
https://kaspi.kz/shop/p/denzel-leska-flex-cord-96105-20-sht-105617641/?c=710000000,105617641,00000014084,DENZEL леска Flex Cord 96105 20 шт,Denzel,Мир инструмента-Алматы в г. Караганда ТОО,ХОЗЯИН,431.0,Qural-Saiman,1708.0,Торговый дом ТИЫН,2000.0,,,,
https://kaspi.kz/shop/p/denzel-leska-flex-cord-96101-50-sht-105617797/?c=710000000,105617797,00000014080,DENZEL леска Flex Cord 96101 50 шт,Denzel,Мир инструмента-Алматы в г. Караганда ТОО,ХОЗЯИН,397.0,GMARKET KZ,424.0,Торговый дом ТИЫН,2000.0,Qural-Saiman,2271.0,,
https://kaspi.kz/shop/p/denzel-js-65-100281696/?c=710000000,100281696,00000014569,DENZEL JS-65,Denzel,Мир инструмента-Алматы в г. Караганда ТОО,Строймаркет ALTOR,19162.0,STROYMANIA,21380.0,All Stroy,21380.0,СТРОЙБАТ Павлодар,22000.0,МИР-инструментов,23230.0
https://kaspi.kz/shop/p/lom-gvozdoder-denzel-25204-107685239/?c=710000000,107685239,УТ-00001718,Лом-гвоздодер DENZEL 25204,Denzel,Мир инструмента-Алматы в г. Караганда ТОО,ХОЗЯИН,5346.0,GMARKET KZ,5703.0,Qural-Saiman,6737.0,Торговый дом ТИЫН,6737.0,,
https://kaspi.kz/shop/p/shlifmashina-uglovaja-denzel-ag125-1100-26906-101577105/?c=710000000,101577105,00000014562,Шлифмашина угловая DENZEL AG125-1100 26906,Denzel,Мир инструмента-Алматы в г. Караганда ТОО,Строймаркет ALTOR,27589.0,Синхрон,29800.0,All Stroy,30780.0,МИР-инструментов,33440.0,ХОЗЯИН,33440.0
https://kaspi.kz/shop/p/shlifmashina-uglovaja-denzel-ag150-1500-100283871/?c=710000000,100283871,00000014564,Шлифмашина угловая DENZEL AG150-1500,Denzel,Мир инструмента-Алматы в г. Караганда ТОО,Синхрон,29000.0,All Stroy,33370.0,МИР-инструментов,33370.0,ХОЗЯИН,33370.0,GMARKET KZ,33370.0
https://kaspi.kz/shop/p/shlifmashina-uglovaja-denzel-ag180-2000-100283912/?c=710000000,100283912,00000014565,Шлифмашина угловая DENZEL AG180-2000,Denzel,Мир инструмента-Алматы в г. Караганда ТОО,Комфорт,37280.0,Синхрон,39200.0,All Stroy,40760.0,МИР-инструментов,40760.0,Сеть магазинов TSSP,40760.0
https://kaspi.kz/shop/p/shlifmashina-uglovaja-denzel-ag230-2600-100283854/?c=710000000,100283854,00000014567,Шлифмашина угловая DENZEL AG230-2600,Denzel,Мир инструмента-Алматы в г. Караганда ТОО,СТРОЙБАТ Павлодар,52500.0,All Stroy,56360.0,МИР-инструментов,56360.0,ХОЗЯИН,56360.0,GMARKET KZ,56360.0
https://kaspi.kz/shop/p/denzel-848837-100-103665376/?c=710000000,103665376,00000021970,DENZEL 848837 100,Denzel,Мир инструмента-Алматы в г. Караганда ТОО,Строймаркет ALTOR,1792.0,ТД ИНСТРУМЕНТ,1811.0,Qural-Saiman,1811.0,ХОЗЯИН,1872.0,Торговый дом ТИЫН,2000.0
https://kaspi.kz/shop/p/denzel-848457-100-103665155/?c=710000000,103665155,00000021960,DENZEL 848457 100,Denzel,Мир инструмента-Алматы в г. Караганда ТОО,ХОЗЯИН,1564.0,TaranTool,1677.0,Сеть магазинов TSSP,1925.0,Торговый дом ТИЫН,2285.0,Qural-Saiman,3617.0
https://kaspi.kz/shop/p/denzel-848467-120-103665157/?c=710000000,103665157,00000021961,DENZEL 848467 120,Denzel,Мир инструмента-Алматы в г. Караганда ТОО,ХОЗЯИН,2015.0,GMARKET KZ,2150.0,Торговый дом ТИЫН,2943.0,Q-SAIMAN,3430.0,Qural-Saiman,4275.0
https://kaspi.kz/shop/p/denzel-848447-80-103665154/?c=710000000,103665154,00000021959,DENZEL 848447 80,Denzel,Мир инструмента-Алматы в г. Караганда ТОО,ХОЗЯИН,1203.0,GMARKET KZ,1926.0,Торговый дом ТИЫН,2000.0,Qural-Saiman,2691.0,,
https://kaspi.kz/shop/p/denzel-848297-60-103665109/?c=710000000,103665109,00000021955,DENZEL 848297 60,Denzel,Мир инструмента-Алматы в г. Караганда ТОО,ХОЗЯИН,520.0,Qural-Saiman,1660.0,,,,,,
https://kaspi.kz/shop/p/denzel-848287-120-103665108/?c=710000000,103665108,00000021954,DENZEL 848287 120,Denzel,Мир инструмента-Алматы в г. Караганда ТОО,ХОЗЯИН,2436.0,ТД ИНСТРУМЕНТ,2436.0,Qural-Saiman,2749.0,All Stroy,2750.0,Торговый дом ТИЫН,2780.0
https://kaspi.kz/shop/p/denzel-848267-80-103665103/?c=710000000,103665103,00000021952,DENZEL 848267 80,Denzel,Мир инструмента-Алматы в г. Караганда ТОО,ХОЗЯИН,1378.0,ТД ИНСТРУМЕНТ,1378.0,Сеть магазинов TSSP,1700.0,Qural-Saiman,1719.0,All Stroy,1720.0
https://kaspi.kz/shop/p/moika-elektricheskaja-denzel-r-165-165-bar-15800153/?c=710000000,15800153,00000014454,"Мойка электрическая DENZEL R-165, 165 бар",Denzel,Мир инструмента-Алматы в г. Караганда ТОО,Строймаркет ALTOR,55465.0,Car tools PV,61090.0,Q-SAIMAN,62900.0,МИР-инструментов,66360.0,ХОЗЯИН,66360.0
https://kaspi.kz/shop/p/moika-elektricheskaja-denzel-r-165d-165-bar-15800152/?c=710000000,15800152,00000014455,"Мойка электрическая DENZEL R-165D, 165 бар",Denzel,Мир инструмента-Алматы в г. Караганда ТОО,Алтын Орда Строймаркет,67880.0,МИР-инструментов,73730.0,ХОЗЯИН,73730.0,Qural-Saiman,73730.0,Торговый дом ТИЫН,73730.0
https://kaspi.kz/shop/p/moika-elektricheskaja-denzel-r-180i-58236-180-bar-101872233/?c=710000000,101872233,00000063820,"Мойка электрическая DENZEL R-180i 58236, 180 бар",Denzel,Мир инструмента-Алматы в г. Караганда ТОО,Строймаркет ALTOR,99827.0,ХОЗЯИН,116250.0,Ozturk,116250.0,Qural-Saiman,116250.0,Торговый дом ТИЫН,116250.0
https://kaspi.kz/shop/p/moika-elektricheskaja-denzel-r-210id-58237-210-bar-101834439/?c=710000000,101834439,00000063821,"Мойка электрическая DENZEL R-210iD 58237, 210 бар",Denzel,Мир инструмента-Алматы в г. Караганда ТОО,Ozturk,117400.0,Car tools PV,127540.0,ХОЗЯИН,127540.0,Almaz_,127540.0,Qural-Saiman,127540.0
https://kaspi.kz/shop/p/moika-elektricheskaja-denzel-r-110-110-bar-15800155/?c=710000000,15800155,00000014452,Мойка электрическая DENZEL R-110 110 бар,Denzel,Мир инструмента-Алматы в г. Караганда ТОО,Qural-Saiman,39100.0,Car tools PV,39140.0,Ozturk,39140.0,МегаВАТТ,39140.0,Kiturami Казахстан,42520.0
https://kaspi.kz/shop/p/denzel-px-50h-99203-101145510/?c=710000000,101145510,00000063946,DENZEL PX-50H 99203,Denzel,Мир инструмента-Алматы в г. Караганда ТОО,All Stroy,94400.0,МИР-инструментов,94400.0,Ozturk,94400.0,ХОЗЯИН,103210.0,Qural-Saiman,103210.0
https://kaspi.kz/shop/p/denzel-px-80d-99204-101222523/?c=710000000,101222523,00000063947,DENZEL PX-80D 99204,Denzel,Мир инструмента-Алматы в г. Караганда ТОО,МИР-инструментов,318020.0,ХОЗЯИН,318020.0,Qural-Saiman,318020.0,Торговый дом ТИЫН,318020.0,ВсеИнструменты KZ,318020.0
https://kaspi.kz/shop/p/denzel-px-50-99201-101420743/?c=710000000,101420743,00000063944,DENZEL PX-50 99201,Denzel,Мир инструмента-Алматы в г. Караганда ТОО,МегаВАТТ,75510.0,МИР-инструментов,82560.0,МИР ИНСТРУМEНТА,82560.0,ХОЗЯИН,82560.0,Ozturk,82560.0
https://kaspi.kz/shop/p/denzel-px-80-99202-101420773/?c=710000000,101420773,00000063945,DENZEL PX-80 99202,Denzel,Мир инструмента-Алматы в г. Караганда ТОО,МИР-инструментов,95820.0,ХОЗЯИН,95820.0,Алтын Орда Строймаркет,95820.0,Qural-Saiman,95820.0,Торговый дом ТИЫН,95820.0
https://kaspi.kz/shop/p/nabor-magnitnyh-ugol-nikov-denzel-97557-3-sht-102688078/?c=710000000,102688078,00000014394,"Набор магнитных угольников DENZEL 97557, 3 шт",Denzel,Мир инструмента-Алматы в г. Караганда ТОО,Строймаркет ALTOR,2351.0,12 Месяцев Астана,2485.0,Qural-Saiman,2555.0,ХОЗЯИН,2559.0,Папа-Карло,2650.0
https://kaspi.kz/shop/p/nabor-magnitnyh-ugol-nikov-denzel-97555-4-sht-102434398/?c=710000000,102434398,00000014393,"Набор магнитных угольников DENZEL 97555, 4 шт",Denzel,Мир инструмента-Алматы в г. Караганда ТОО,Строймаркет ALTOR,1940.0,Сеть магазинов TSSP,1985.0,Qural-Saiman,1995.0,ХОЗЯИН,2110.0,GMARKET KZ,2251.0
https://kaspi.kz/shop/p/nabor-universal-nyi-6-v-1-denzel-782406-103665044/?c=710000000,103665044,00000058169,Набор универсальный 6 в 1 DENZEL 782406,Denzel,Мир инструмента-Алматы в г. Караганда ТОО,ХОЗЯИН,6690.0,GMARKET KZ,7137.0,Qural-Saiman,7408.0,Торговый дом ТИЫН,7635.0,AVTO-PARADISE,10000.0
https://kaspi.kz/shop/p/denzel-polotno-pil-noe-782312-1-sht-103555415/?c=710000000,103555415,00000063888,DENZEL полотно пильное 782312 1 шт,Denzel,Мир инструмента-Алматы в г. Караганда ТОО,ХОЗЯИН,990.0,GMARKET KZ,1056.0,Сеть магазинов TSSP,1215.0,Home Tools,1500.0,Комфорт,1790.0
https://kaspi.kz/shop/p/denzel-polotno-pil-noe-782313-1-sht-103555417/?c=710000000,103555417,00000063889,DENZEL полотно пильное 782313 1 шт,Denzel,Мир инструмента-Алматы в г. Караганда ТОО,ХОЗЯИН,1400.0,GMARKET KZ,1494.0,Qural-Saiman,2545.0,,,,
https://kaspi.kz/shop/p/denzel-782321-1-sht-104946006/?c=710000000,104946006,00000063893,DENZEL 782321 1 шт,Denzel,Мир инструмента-Алматы в г. Караганда ТОО,Строймаркет ALTOR,1855.0,Qural-Saiman,1874.0,Сеть магазинов TSSP,2385.0,Комфорт,2490.0,All Stroy,2530.0
https://kaspi.kz/shop/p/denzel-shaber-782317-1-sht-103555770/?c=710000000,103555770,00000063891,DENZEL шабер 782317 1 шт,Denzel,Мир инструмента-Алматы в г. Караганда ТОО,Сеть магазинов TSSP,900.0,Qural-Saiman,950.0,GMARKET KZ,1173.0,Home Tools,1200.0,,
https://kaspi.kz/shop/p/nasos-poverhnostnyi-denzel-ps1000x-27700789/?c=710000000,27700789,00000014473,Насос поверхностный DENZEL PS1000X,Denzel,Мир инструмента-Алматы в г. Караганда ТОО,All Stroy,76460.0,МИР-инструментов,83050.0,МИР ИНСТРУМEНТА,83050.0,Сеть магазинов TSSP,83050.0,ХОЗЯИН,83050.0
https://kaspi.kz/shop/p/nasos-poverhnostnyi-denzel-ps1100s-27701281/?c=710000000,27701281,00000014477,Насос поверхностный DENZEL PS1100С,Denzel,Мир инструмента-Алматы в г. Караганда ТОО,Q-SAIMAN,89760.0,МИР-инструментов,97510.0,Сеть магазинов TSSP,97510.0,ХОЗЯИН,97510.0,GMARKET KZ,97510.0
https://kaspi.kz/shop/p/nasos-poverhnostnyi-denzel-ps800x-27700788/?c=710000000,27700788,00000014472,Насос поверхностный DENZEL PS800X,Denzel,Мир инструмента-Алматы в г. Караганда ТОО,Строймаркет ALTOR,60999.0,Ozturk,74950.0,МИР-инструментов,81420.0,МИР ИНСТРУМEНТА,81420.0,ХОЗЯИН,81420.0
https://kaspi.kz/shop/p/nasos-poverhnostnyi-denzel-psh1300-27700787/?c=710000000,27700787,00000014475,Насос поверхностный DENZEL PSХ1300,Denzel,Мир инструмента-Алматы в г. Караганда ТОО,МИР-инструментов,99710.0,ХОЗЯИН,99710.0,Ozturk,99710.0,Qural-Saiman,99710.0,ВсеИнструменты KZ,99710.0
https://kaspi.kz/shop/p/nasos-poverhnostnyi-denzel-psh950x-27700786/?c=710000000,27700786,00000014476,Насос поверхностный DENZEL PSХ950X,Denzel,Мир инструмента-Алматы в г. Караганда ТОО,Q-SAIMAN,99070.0,МИР-инструментов,107610.0,ХОЗЯИН,107610.0,Ozturk,107610.0,Qural-Saiman,107610.0
https://kaspi.kz/shop/p/nasos-poverhnostnyi-denzel-psd800c-27700784/?c=710000000,27700784,00000014474,Насос поверхностный DENZEL PSD800C,Denzel,Мир инструмента-Алматы в г. Караганда ТОО,All Stroy,91560.0,Ozturk,91560.0,МИР-инструментов,99460.0,МИР ИНСТРУМEНТА,99460.0,ХОЗЯИН,99460.0
https://kaspi.kz/shop/p/denzel-nozh-96385-1-sht-106371114/?c=710000000,106371114,00000063927,DENZEL нож 96385 1 шт,Denzel,Мир инструмента-Алматы в г. Караганда ТОО,ХОЗЯИН,6726.0,GMARKET KZ,7175.0,Qural-Saiman,9252.0,AVTO-PARADISE,11500.0,,
https://kaspi.kz/shop/p/denzel-nozh-96386-1-sht-104343543/?c=710000000,104343543,00000063928,DENZEL нож 96386 1 шт,Denzel,Мир инструмента-Алматы в г. Караганда ТОО,ХОЗЯИН,7336.0,GMARKET KZ,7826.0,Qural-Saiman,9991.0,AVTO-PARADISE,11600.0,,
https://kaspi.kz/shop/p/denzel-nozh-96333-1-sht-105618288/?c=710000000,105618288,00000014242,DENZEL нож 96333 1 шт,Denzel,Мир инструмента-Алматы в г. Караганда ТОО,ХОЗЯИН,2209.0,Qural-Saiman,4141.0,,,,,,
https://kaspi.kz/shop/p/denzel-nozh-96334-1-sht-105618250/?c=710000000,105618250,00000014243,DENZEL нож 96334 1 шт,Denzel,Мир инструмента-Алматы в г. Караганда ТОО,ХОЗЯИН,2524.0,Qural-Saiman,4504.0,,,,,,
https://kaspi.kz/shop/p/denzel-78372-105634090/?c=710000000,105634090,00000063900,DENZEL 78372,Denzel,Мир инструмента-Алматы в г. Караганда ТОО,ХОЗЯИН,5577.0,Строймаркет ALTOR,5751.0,TaranTool,5979.0,Qural-Saiman,7566.0,AVTO-PARADISE,8500.0
https://kaspi.kz/shop/p/denzel-po-metallu-78371-105631061/?c=710000000,105631061,00000063899,DENZEL по металлу 78371,Denzel,Мир инструмента-Алматы в г. Караганда ТОО,ХОЗЯИН,5575.0,Проф Инструмент,5900.0,Qural-Saiman,7564.0,,,,
https://kaspi.kz/shop/p/denzel-g411-96817-100537409/?c=710000000,100537409,00000014051,DENZEL G411 96817,Denzel,Мир инструмента-Алматы в г. Караганда ТОО,Комфорт,14620.0,ХОЗЯИН,15520.0,Qural-Saiman,15520.0,TaranTool,15520.0,AVTO-PARADISE,17810.0
https://kaspi.kz/shop/p/denzel-g801e-96815-100538096/?c=710000000,100538096,00000014050,DENZEL G801E 96815,Denzel,Мир инструмента-Алматы в г. Караганда ТОО,МИР-инструментов,26240.0,ХОЗЯИН,28510.0,Qural-Saiman,28510.0,Торговый дом ТИЫН,28510.0,AVTO-PARADISE,32000.0
https://kaspi.kz/shop/p/denzel-nozhovka-po-derevu-11-tpi-24146-400-mm-105632764/?c=710000000,105632764,УТ-00001714,DENZEL ножовка по дереву 11 TPI 24146 400 мм,Denzel,Мир инструмента-Алматы в г. Караганда ТОО,ХОЗЯИН,4718.0,GMARKET KZ,5033.0,TaranTool,5058.0,Qural-Saiman,7176.0,Торговый дом ТИЫН,7176.0
https://kaspi.kz/shop/p/denzel-nozhovka-po-derevu-24145-400-mm-105630182/?c=710000000,105630182,УТ-00001713,DENZEL ножовка по дереву 24145 400 мм,Denzel,Мир инструмента-Алматы в г. Караганда ТОО,ХОЗЯИН,4569.0,GMARKET KZ,4874.0,TaranTool,4898.0,Qural-Saiman,7097.0,Торговый дом ТИЫН,7097.0
https://kaspi.kz/shop/p/denzel-nozhovka-po-derevu-9-tpi-24140-450-mm-105633034/?c=710000000,105633034,УТ-00001711,DENZEL ножовка по дереву 9 TPI 24140 450 мм,Denzel,Мир инструмента-Алматы в г. Караганда ТОО,ХОЗЯИН,5712.0,GMARKET KZ,6093.0,TaranTool,6123.0,Комфорт,8990.0,Qural-Saiman,9225.0
https://kaspi.kz/shop/p/denzel-nozhovka-po-derevu-11-tpi-24148-500-mm-105631899/?c=710000000,105631899,УТ-00001716,DENZEL ножовка по дереву 11 TPI 24148 500 мм,Denzel,Мир инструмента-Алматы в г. Караганда ТОО,ХОЗЯИН,5215.0,GMARKET KZ,5563.0,Qural-Saiman,7861.0,,,,
https://kaspi.kz/shop/p/denzel-nozhovka-po-derevu-24147-500-mm-105675677/?c=710000000,105675677,УТ-00001715,DENZEL ножовка по дереву 24147 500 мм,Denzel,Мир инструмента-Алматы в г. Караганда ТОО,ХОЗЯИН,4962.0,GMARKET KZ,5293.0,TaranTool,5319.0,Qural-Saiman,5775.0,Торговый дом ТИЫН,5775.0
https://kaspi.kz/shop/p/denzel-nasadka-58306-1-sht-103560639/?c=710000000,103560639,00000063825,DENZEL насадка 58306 1 шт,Denzel,Мир инструмента-Алматы в г. Караганда ТОО,ХОЗЯИН,11763.0,Qural-Saiman,12351.0,TaranTool,12611.0,Торговый дом ТИЫН,13425.0,AVTO-PARADISE,14000.0
https://kaspi.kz/shop/p/denzel-penogenerator-fp-700-58302-1-sht-103712103/?c=710000000,103712103,00000063823,DENZEL пеногенератор FP-700 58302 1 шт,Denzel,Мир инструмента-Алматы в г. Караганда ТОО,ХОЗЯИН,6060.0,Алтын Орда Строймаркет,6385.0,TaranTool,6496.0,Ravelin,6880.0,Qural-Saiman,7145.0
https://kaspi.kz/shop/p/denzel-penogenerator-58303-1-sht-106336989/?c=710000000,106336989,УТ-00001759,DENZEL пеногенератор 58303 1 шт,Denzel,Мир инструмента-Алматы в г. Караганда ТОО,Строймаркет ALTOR,13536.0,ХОЗЯИН,13537.0,Алтын Орда Строймаркет,14263.0,GMARKET KZ,14440.0,Qural-Saiman,14487.0
https://kaspi.kz/shop/p/denzel-jaschik-perenoska-90294-26x24x30-sm-chernyi-zheltyi-108728887/?c=710000000,108728887,УТ-00001894,"DENZEL ящик-переноска 90294 26x24x30 см черный, желтый",Denzel,Мир инструмента-Алматы в г. Караганда ТОО,ХОЗЯИН,10223.0,Торговый дом ТИЫН,11670.0,Qural-Saiman,11750.0,All Stroy,12650.0,,
https://kaspi.kz/shop/p/denzel-perehodnik-97273-1-sht-104832926/?c=710000000,104832926,00000014501,DENZEL переходник 97273 1 шт,Denzel,Мир инструмента-Алматы в г. Караганда ТОО,Проф Инструмент,1800.0,Строймаркет ALTOR,2014.0,ХОЗЯИН,2015.0,GMARKET KZ,2150.0,Qural-Saiman,2862.0
https://kaspi.kz/shop/p/denzel-rh-650-18-26603-2-dzh-sds-plus-101577095/?c=710000000,101577095,00000014555,"DENZEL RH-650-18 26603 2 Дж, SDS-Plus",Denzel,Мир инструмента-Алматы в г. Караганда ТОО,МИР-инструментов,37160.0,ХОЗЯИН,37160.0,GMARKET KZ,37160.0,Qural-Saiman,37160.0,Торговый дом ТИЫН,37160.0
https://kaspi.kz/shop/p/denzel-rhv-1050-38-max-10-dzh-sds-max-103104446/?c=710000000,103104446,00000014560,"Denzel RHV-1050-38-max 10 Дж, SDS-Max",Denzel,Мир инструмента-Алматы в г. Караганда ТОО,"ТОО ""EVROLIDER 23""",74479.0,All Stroy,80900.0,МИР-инструментов,80900.0,Сеть магазинов TSSP,80900.0,ХОЗЯИН,80900.0
https://kaspi.kz/shop/p/denzel-rhv-1100-26-4-dzh-sds-plus-100305059/?c=710000000,100305059,00000014558,"DENZEL RHV-1100-26 4 Дж, SDS-Plus",Denzel,Мир инструмента-Алматы в г. Караганда ТОО,ИП IP NURMAN,46000.0,ЭЛЕКТРО,48030.0,МегаВАТТ,48030.0,All Stroy,52170.0,МИР-инструментов,52170.0
https://kaspi.kz/shop/p/denzel-perchatki-67997-kombinirovannye-110358576/?c=710000000,110358576,УТ-00001823,"DENZEL перчатки 67997, комбинированные",Denzel,Мир инструмента-Алматы в г. Караганда ТОО,Сеть магазинов TSSP,3322.0,Qural-Saiman,3332.0,GMARKET KZ,3629.0,All Stroy,4280.0,ТОО AI-TOOLS,4500.0
https://kaspi.kz/shop/p/denzel-perchatki-68000-kombinirovannye-110117320/?c=710000000,110117320,УТ-00001825,"DENZEL перчатки 68000, комбинированные",Denzel,Мир инструмента-Алматы в г. Караганда ТОО,Сеть магазинов TSSP,4811.0,ХОЗЯИН,4821.0,Строймаркет ALTOR,5014.0,GMARKET KZ,5143.0,ТОО AI-TOOLS,5585.0
https://kaspi.kz/shop/p/denzel-perchatki-67999-kombinirovannye-110358664/?c=710000000,110358664,УТ-00001824,"DENZEL перчатки 67999, комбинированные",Denzel,Мир инструмента-Алматы в г. Караганда ТОО,Сеть магазинов TSSP,4811.0,ХОЗЯИН,4821.0,Строймаркет ALTOR,5014.0,GMARKET KZ,5143.0,Торговый дом ТИЫН,5505.0
https://kaspi.kz/shop/p/denzel-benzinovaja-dgs-4516-100117323/?c=710000000,100117323,00000014071,DENZEL бензиновая DGS-4516,Denzel,Мир инструмента-Алматы в г. Караганда ТОО,Строймаркет ALTOR,43208.0,STROYMANIA,46320.0,МегаВАТТ,46320.0,"ТОО ""EVROLIDER 23""",46320.0,ХОЗЯИН,50320.0
https://kaspi.kz/shop/p/denzel-benzinovaja-dgs-5218-100154498/?c=710000000,100154498,00000014072,DENZEL бензиновая DGS-5218,Denzel,Мир инструмента-Алматы в г. Караганда ТОО,Строймаркет ALTOR,42116.0,МИР-инструментов,46990.0,"ТОО ""EVROLIDER 23""",46990.0,ХОЗЯИН,51040.0,Qural-Saiman,51040.0
https://kaspi.kz/shop/p/denzel-benzinovaja-dgs-5820-95235-100117362/?c=710000000,100117362,00000014073,DENZEL бензиновая DGS-5820 95235,Denzel,Мир инструмента-Алматы в г. Караганда ТОО,Строймаркет ALTOR,44673.0,All Stroy,49510.0,ЭЛЕКТРО,49510.0,"ТОО ""EVROLIDER 23""",49510.0,МИР-инструментов,54140.0
https://kaspi.kz/shop/p/nasos-pogruzhnoi-denzel-ph1100-27700733/?c=710000000,27700733,00000014525,Насос погружной DENZEL PH1100,Denzel,Мир инструмента-Алматы в г. Караганда ТОО,ЭЛЕКТРО,62930.0,МИР-инструментов,68360.0,ХОЗЯИН,68360.0,GMARKET KZ,68360.0,Qural-Saiman,68360.0
https://kaspi.kz/shop/p/nasos-pogruzhnoi-denzel-ph900-x-pro-27701287/?c=710000000,27701287,00000014524,Насос погружной DENZEL PH900 X-Pro,Denzel,Мир инструмента-Алматы в г. Караганда ТОО,ЭЛЕКТРО,60960.0,МИР ИНСТРУМEНТА,66210.0,ХОЗЯИН,66210.0,Qural-Saiman,66210.0,Торговый дом ТИЫН,66210.0
https://kaspi.kz/shop/p/denzel-dhc-2-100-zheltyi-chernyi-100544798/?c=710000000,100544798,00000014420,DENZEL DHC 2-100 желтый-черный,Denzel,Мир инструмента-Алматы в г. Караганда ТОО,Папа-Карло,11590.0,Ozturk,11600.0,Q-SAIMAN,11600.0,Комфорт,11600.0,titool_makita,11900.0
https://kaspi.kz/shop/p/denzel-gazovaja-96477-15-kvt-103531595/?c=710000000,103531595,00000063933,DENZEL газовая 96477 15 кВт,Denzel,Мир инструмента-Алматы в г. Караганда ТОО,МИР-инструментов,37720.0,ХОЗЯИН,37720.0,titool_makita,37720.0,GMARKET KZ,37720.0,Qural-Saiman,37720.0
https://kaspi.kz/shop/p/denzel-gazovaja-ghg-50-50-kvt-104109600/?c=710000000,104109600,00000063935,DENZEL газовая GHG-50 50 кВт,Denzel,Мир инструмента-Алматы в г. Караганда ТОО,ЭЛЕКТРО,66670.0,МИР-инструментов,67310.0,ХОЗЯИН,67310.0,Ozturk,67310.0,Qural-Saiman,67310.0
https://kaspi.kz/shop/p/denzel-plechevoi-remen-96368-chernyi-103522796/?c=710000000,103522796,00000014267,DENZEL плечевой ремень 96368 черный,Denzel,Мир инструмента-Алматы в г. Караганда ТОО,GMARKET KZ,1903.0,Qural-Saiman,1999.0,Perfecto linea,2000.0,TaranTool,2066.0,Торговый дом ТИЫН,2920.0
https://kaspi.kz/shop/p/denzel-rantsevyi-remen-96367-chernyi-zheltyi-103522754/?c=710000000,103522754,00000014266,"DENZEL ранцевый ремень 96367 черный, желтый",Denzel,Мир инструмента-Алматы в г. Караганда ТОО,ХОЗЯИН,4607.0,Qural-Saiman,4801.0,GMARKET KZ,4915.0,TaranTool,4940.0,Торговый дом ТИЫН,5260.0
https://kaspi.kz/shop/p/denzel-31545-10-m-107425308/?c=710000000,107425308,УТ-00001732,DENZEL 31545 10 м,Denzel,Мир инструмента-Алматы в г. Караганда ТОО,Qural-Saiman,3074.0,GMARKET KZ,3347.0,Торговый дом ТИЫН,3580.0,All Stroy,3850.0,Сеть магазинов TSSP,3860.0
https://kaspi.kz/shop/p/denzel-31525-10-m-108434348/?c=710000000,108434348,УТ-00001730,DENZEL 31525 10 м,Denzel,Мир инструмента-Алматы в г. Караганда ТОО,ХОЗЯИН,5963.0,Qural-Saiman,7268.0,Торговый дом ТИЫН,7268.0,GMARKET KZ,9542.0,,
https://kaspi.kz/shop/p/denzel-31522-5-m-108434339/?c=710000000,108434339,УТ-00001727,DENZEL 31522 5 м,Denzel,Мир инструмента-Алматы в г. Караганда ТОО,Qural-Saiman,3286.0,ХОЗЯИН,3354.0,Проф Инструмент,3800.0,Торговый дом ТИЫН,3830.0,TaranTool,4384.0
https://kaspi.kz/shop/p/denzel-31523-5-m-108434337/?c=710000000,108434337,УТ-00001728,DENZEL 31523 5 м,Denzel,Мир инструмента-Алматы в г. Караганда ТОО,Qural-Saiman,4177.0,ХОЗЯИН,4317.0,Торговый дом ТИЫН,4925.0,ТД ИНСТРУМЕНТ,6095.0,GMARKET KZ,6908.0
https://kaspi.kz/shop/p/denzel-31524-8-m-108434345/?c=710000000,108434345,УТ-00001729,DENZEL 31524 8 м,Denzel,Мир инструмента-Алматы в г. Караганда ТОО,ХОЗЯИН,5280.0,Qural-Saiman,6678.0,Торговый дом ТИЫН,6678.0,GMARKET KZ,8448.0,Home Tools,8600.0
https://kaspi.kz/shop/p/nasos-poverhnostnyi-denzel-gp1100c-27701282/?c=710000000,27701282,00000014461,Насос поверхностный DENZEL GP1100C,Denzel,Мир инструмента-Алматы в г. Караганда ТОО,Строймаркет ALTOR,58529.0,ХОЗЯИН,58530.0,GMARKET KZ,58530.0,Qural-Saiman,58530.0,Торговый дом ТИЫН,58530.0
https://kaspi.kz/shop/p/denzel-72677-16x67-mm-103555376/?c=710000000,103555376,00000019473,DENZEL 72677 16x67 мм,Denzel,Мир инструмента-Алматы в г. Караганда ТОО,ХОЗЯИН,3519.0,TaranTool,3773.0,Qural-Saiman,4554.0,GMARKET KZ,5631.0,Торговый дом ТИЫН,5688.0
https://kaspi.kz/shop/p/denzel-72678-1-sht--103555635/?c=710000000,103555635,00000019474,"DENZEL 72678, 1 шт.",Denzel,Мир инструмента-Алматы в г. Караганда ТОО,Qural-Saiman,2116.0,ХОЗЯИН,2117.0,Торговый дом ТИЫН,2415.0,GMARKET KZ,3389.0,МЕГАСТРОЙ АСТАНА DIY,3510.0
https://kaspi.kz/shop/p/denzel-72680-22x67-mm-103555269/?c=710000000,103555269,00000019476,DENZEL 72680 22x67 мм,Denzel,Мир инструмента-Алматы в г. Караганда ТОО,Торговый дом ТИЫН,2000.0,Qural-Saiman,2910.0,AVTO-PARADISE,5000.0,,,,
https://kaspi.kz/shop/p/denzel-72681-25x67-mm-103555817/?c=710000000,103555817,00000019477,DENZEL 72681 25x67 мм,Denzel,Мир инструмента-Алматы в г. Караганда ТОО,GMARKET KZ,6362.0,TaranTool,6394.0,Qural-Saiman,6739.0,AVTO-PARADISE,9000.0,,
https://kaspi.kz/shop/p/denzel-72682-27x67-mm-103555273/?c=710000000,103555273,00000019478,DENZEL 72682 27x67 мм,Denzel,Мир инструмента-Алматы в г. Караганда ТОО,GMARKET KZ,1860.0,ХОЗЯИН,2325.0,Торговый дом ТИЫН,3082.0,Qural-Saiman,3450.0,AVTO-PARADISE,6000.0
https://kaspi.kz/shop/p/denzel-72683-30x67-mm-103555268/?c=710000000,103555268,00000019479,DENZEL 72683 30x67 мм,Denzel,Мир инструмента-Алматы в г. Караганда ТОО,Сеть магазинов TSSP,7630.0,Qural-Saiman,7640.0,Проф Инструмент,7800.0,AVTO-PARADISE,10500.0,,
https://kaspi.kz/shop/p/denzel-72685-35x50-mm-103544877/?c=710000000,103544877,00000019481,DENZEL 72685 35x50 мм,Denzel,Мир инструмента-Алматы в г. Караганда ТОО,ХОЗЯИН,7428.0,Qural-Saiman,8724.0,Комфорт,9290.0,AVTO-PARADISE,12000.0,,
https://kaspi.kz/shop/p/denzel-72686-38x67-mm-103555497/?c=710000000,103555497,00000019482,DENZEL 72686 38x67 мм,Denzel,Мир инструмента-Алматы в г. Караганда ТОО,GMARKET KZ,2379.0,Qural-Saiman,2972.0,ХОЗЯИН,2973.0,МЕГАСТРОЙ АСТАНА DIY,4475.0,,
https://kaspi.kz/shop/p/denzel-72688-45x67-mm-103555271/?c=710000000,103555271,00000019484,DENZEL 72688 45x67 мм,Denzel,Мир инструмента-Алматы в г. Караганда ТОО,GMARKET KZ,2806.0,Qural-Saiman,3506.0,ХОЗЯИН,3507.0,Торговый дом ТИЫН,3632.0,TaranTool,5341.0
https://kaspi.kz/shop/p/denzel-726717-5x35-mm-103574046/?c=710000000,103574046,00000019560,DENZEL 726717 5x35 мм,Denzel,Мир инструмента-Алматы в г. Караганда ТОО,Проф Инструмент,1800.0,Qural-Saiman,2105.0,Строймаркет ALTOR,2141.0,AVTO-PARADISE,3000.0,,
https://kaspi.kz/shop/p/denzel-72689-50x50-mm-103544880/?c=710000000,103544880,00000019485,DENZEL 72689 50x50 мм,Denzel,Мир инструмента-Алматы в г. Караганда ТОО,ХОЗЯИН,10523.0,GMARKET KZ,11225.0,Qural-Saiman,12025.0,Сеть магазинов TSSP,12955.0,AVTO-PARADISE,13000.0
https://kaspi.kz/shop/p/denzel-72690-55x67-mm-103555706/?c=710000000,103555706,00000019486,DENZEL 72690 55x67 мм,Denzel,Мир инструмента-Алматы в г. Караганда ТОО,GMARKET KZ,3414.0,Qural-Saiman,4266.0,ХОЗЯИН,4267.0,Торговый дом ТИЫН,4420.0,TaranTool,4575.0
https://kaspi.kz/shop/p/denzel-72691-60x67-mm-103555638/?c=710000000,103555638,00000019487,DENZEL 72691 60x67 мм,Denzel,Мир инструмента-Алматы в г. Караганда ТОО,GMARKET KZ,3717.0,Qural-Saiman,4645.0,ХОЗЯИН,4646.0,Торговый дом ТИЫН,4812.0,TaranTool,4981.0
https://kaspi.kz/shop/p/denzel-72695-75x50-mm-103544884/?c=710000000,103544884,00000019490,DENZEL 72695 75x50 мм,Denzel,Мир инструмента-Алматы в г. Караганда ТОО,Проф Инструмент,13200.0,Крепыж,15000.0,ХОЗЯИН,17432.0,GMARKET KZ,18595.0,AVTO-PARADISE,18700.0
https://kaspi.kz/shop/p/denzel-72696-101317967/?c=710000000,101317967,00000019491,DENZEL 72696,Denzel,Мир инструмента-Алматы в г. Караганда ТОО,Проф Инструмент,14400.0,ХОЗЯИН,19047.0,GMARKET KZ,20317.0,Qural-Saiman,20488.0,Сеть магазинов TSSP,23445.0
https://kaspi.kz/shop/p/denzel-shlifoval-nyi-list-75171-5-sht-103653562/?c=710000000,103653562,00000020525,DENZEL шлифовальный лист 75171 5 шт,Denzel,Мир инструмента-Алматы в г. Караганда ТОО,ХОЗЯИН,624.0,GMARKET KZ,666.0,Q-SAIMAN,780.0,AVTO-PARADISE,1050.0,Торговый дом ТИЫН,2000.0
https://kaspi.kz/shop/p/denzel-shlifoval-nyi-list-75173-5-sht-103653622/?c=710000000,103653622,00000020527,DENZEL шлифовальный лист 75173 5 шт,Denzel,Мир инструмента-Алматы в г. Караганда ТОО,ХОЗЯИН,615.0,GMARKET KZ,657.0,Q-SAIMAN,900.0,AVTO-PARADISE,1050.0,Торговый дом ТИЫН,2000.0
https://kaspi.kz/shop/p/denzel-shlifoval-nyi-list-75175-5-sht-103653628/?c=710000000,103653628,00000020529,DENZEL шлифовальный лист 75175 5 шт,Denzel,Мир инструмента-Алматы в г. Караганда ТОО,ХОЗЯИН,603.0,GMARKET KZ,644.0,AVTO-PARADISE,1050.0,Qural-Saiman,1069.0,Торговый дом ТИЫН,2000.0
https://kaspi.kz/shop/p/denzel-shlifoval-naja-lenta-v-rulone-75177-5-sht-103624693/?c=710000000,103624693,00000020531,DENZEL шлифовальная лента в рулоне 75177 5 шт,Denzel,Мир инструмента-Алматы в г. Караганда ТОО,ХОЗЯИН,615.0,GMARKET KZ,656.0,Q-SAIMAN,980.0,AVTO-PARADISE,1050.0,Home Tools,1200.0
https://kaspi.kz/shop/p/denzel-shlifoval-nyi-list-75179-5-sht-103623724/?c=710000000,103623724,00000020533,DENZEL шлифовальный лист 75179 5 шт,Denzel,Мир инструмента-Алматы в г. Караганда ТОО,ХОЗЯИН,602.0,GMARKET KZ,643.0,AVTO-PARADISE,1050.0,Qural-Saiman,1799.0,Торговый дом ТИЫН,2000.0
https://kaspi.kz/shop/p/denzel-shlifoval-nyi-list-75181-5-sht-103623934/?c=710000000,103623934,00000020535,DENZEL шлифовальный лист 75181 5 шт,Denzel,Мир инструмента-Алматы в г. Караганда ТОО,ХОЗЯИН,609.0,GMARKET KZ,650.0,AVTO-PARADISE,1050.0,Торговый дом ТИЫН,2000.0,Qural-Saiman,2329.0
https://kaspi.kz/shop/p/denzel-shlifoval-nyi-list-75183-5-sht-103624597/?c=710000000,103624597,00000020537,DENZEL шлифовальный лист 75183 5 шт,Denzel,Мир инструмента-Алматы в г. Караганда ТОО,ХОЗЯИН,600.0,GMARKET KZ,641.0,AVTO-PARADISE,1050.0,Торговый дом ТИЫН,2000.0,Qural-Saiman,2349.0
https://kaspi.kz/shop/p/denzel-shlifoval-nyi-list-75185-5-sht-103624545/?c=710000000,103624545,00000020539,DENZEL шлифовальный лист 75185 5 шт,Denzel,Мир инструмента-Алматы в г. Караганда ТОО,ХОЗЯИН,600.0,GMARKET KZ,640.0,Q-SAIMAN,757.0,AVTO-PARADISE,1050.0,Home Tools,1200.0
https://kaspi.kz/shop/p/denzel-shlifoval-nyi-list-75165-5-sht-103653320/?c=710000000,103653320,00000020519,DENZEL шлифовальный лист 75165 5 шт,Denzel,Мир инструмента-Алматы в г. Караганда ТОО,ХОЗЯИН,623.0,GMARKET KZ,665.0,Q-SAIMAN,750.0,AVTO-PARADISE,1050.0,Торговый дом ТИЫН,2000.0
https://kaspi.kz/shop/p/denzel-shlifoval-nyi-list-75187-5-sht-103624692/?c=710000000,103624692,00000020541,DENZEL шлифовальный лист 75187 5 шт,Denzel,Мир инструмента-Алматы в г. Караганда ТОО,ХОЗЯИН,600.0,GMARKET KZ,640.0,Home Tools,1100.0,AVTO-PARADISE,1100.0,Торговый дом ТИЫН,2000.0
https://kaspi.kz/shop/p/denzel-shlifoval-nyi-list-75167-5-sht-103653323/?c=710000000,103653323,00000020521,DENZEL шлифовальный лист 75167 5 шт,Denzel,Мир инструмента-Алматы в г. Караганда ТОО,ХОЗЯИН,680.0,GMARKET KZ,726.0,Q-SAIMAN,800.0,AVTO-PARADISE,1200.0,Торговый дом ТИЫН,2000.0
https://kaspi.kz/shop/p/denzel-shlifoval-nyi-list-75189-5-sht-103624427/?c=710000000,103624427,00000020543,DENZEL шлифовальный лист 75189 5 шт,Denzel,Мир инструмента-Алматы в г. Караганда ТОО,ХОЗЯИН,599.0,GMARKET KZ,639.0,Q-SAIMAN,756.0,Home Tools,1100.0,AVTO-PARADISE,1100.0
https://kaspi.kz/shop/p/denzel-shlifoval-nyi-list-75169-5-sht-103653378/?c=710000000,103653378,00000020523,DENZEL шлифовальный лист 75169 5 шт,Denzel,Мир инструмента-Алматы в г. Караганда ТОО,ХОЗЯИН,617.0,GMARKET KZ,659.0,AVTO-PARADISE,1050.0,Торговый дом ТИЫН,2000.0,Qural-Saiman,2365.0
https://kaspi.kz/shop/p/denzel-shlifoval-nyi-list-75191-5-sht-103623978/?c=710000000,103623978,00000020545,DENZEL шлифовальный лист 75191 5 шт,Denzel,Мир инструмента-Алматы в г. Караганда ТОО,ХОЗЯИН,618.0,GMARKET KZ,660.0,Home Tools,1000.0,AVTO-PARADISE,1050.0,Торговый дом ТИЫН,2000.0
https://kaspi.kz/shop/p/nasos-pogruzhnoi-denzel-dwc-4-140-100052271/?c=710000000,100052271,00000014498,Насос погружной DENZEL DWC-4-140,Denzel,Мир инструмента-Алматы в г. Караганда ТОО,Строймаркет ALTOR,96450.0,Ozturk,107600.0,МИР-инструментов,116880.0,ХОЗЯИН,116880.0,Qural-Saiman,116880.0
https://kaspi.kz/shop/p/nasos-pogruzhnoi-denzel-dwc-4-80-27700801/?c=710000000,27700801,00000014497,Насос погружной DENZEL DWC-4-80,Denzel,Мир инструмента-Алматы в г. Караганда ТОО,Строймаркет ALTOR,68968.0,All Stroy,74910.0,Q-SAIMAN,74910.0,МИР-инструментов,81380.0,МИР ИНСТРУМEНТА,81380.0
https://kaspi.kz/shop/p/denzel-41102-2000-sht-103624598/?c=710000000,103624598,00000015565,DENZEL 41102 2000 шт,Denzel,Мир инструмента-Алматы в г. Караганда ТОО,Строймаркет ALTOR,702.0,ХОЗЯИН,733.0,GMARKET KZ,782.0,Сеть магазинов TSSP,900.0,Qural-Saiman,1043.0
https://kaspi.kz/shop/p/denzel-41100-2000-sht-103623960/?c=710000000,103623960,00000015563,DENZEL 41100 2000 шт,Denzel,Мир инструмента-Алматы в г. Караганда ТОО,Торговый дом ТИЫН,2000.0,Qural-Saiman,2358.0,,,,,,
https://kaspi.kz/shop/p/denzel-41101-1000-sht-103624424/?c=710000000,103624424,00000015564,DENZEL 41101 1000 шт,Denzel,Мир инструмента-Алматы в г. Караганда ТОО,ХОЗЯИН,576.0,GMARKET KZ,615.0,Строймаркет ALTOR,666.0,Торговый дом ТИЫН,2000.0,Qural-Saiman,2434.0
https://kaspi.kz/shop/p/denzel-mehanicheskii-40214-109386662/?c=710000000,109386662,УТ-00001737,DENZEL механический 40214,Denzel,Мир инструмента-Алматы в г. Караганда ТОО,ХОЗЯИН,9598.0,Qural-Saiman,10256.0,All Stroy,10890.0,Торговый дом ТИЫН,10955.0,GMARKET KZ,15357.0
https://kaspi.kz/shop/p/denzel-mehanicheskii-40215-108546546/?c=710000000,108546546,УТ-00001738,DENZEL механический 40215,Denzel,Мир инструмента-Алматы в г. Караганда ТОО,ХОЗЯИН,10753.0,Qural-Saiman,11240.0,Торговый дом ТИЫН,12275.0,Проф Инструмент,13000.0,GMARKET KZ,17205.0
https://kaspi.kz/shop/p/denzel-f-obraznaja-20472-107630834/?c=710000000,107630834,УТ-00001686,Denzel F-образная 20472,Denzel,Мир инструмента-Алматы в г. Караганда ТОО,ХОЗЯИН,7536.0,GMARKET KZ,8039.0,Qural-Saiman,8261.0,Проф Инструмент,8300.0,Торговый дом ТИЫН,8600.0
https://kaspi.kz/shop/p/denzel-f-obraznaja-20471-107630715/?c=710000000,107630715,УТ-00001685,DENZEL F-образная 20471,Denzel,Мир инструмента-Алматы в г. Караганда ТОО,ХОЗЯИН,5885.0,GMARKET KZ,6278.0,Qural-Saiman,7110.0,Торговый дом ТИЫН,7110.0,Сеть магазинов TSSP,7245.0
https://kaspi.kz/shop/p/denzel-f-obraznaja-20477-107630794/?c=710000000,107630794,УТ-00001687,Denzel F-образная 20477,Denzel,Мир инструмента-Алматы в г. Караганда ТОО,ХОЗЯИН,6906.0,GMARKET KZ,7367.0,Qural-Saiman,7976.0,Торговый дом ТИЫН,7976.0,Сеть магазинов TSSP,8500.0
https://kaspi.kz/shop/p/denzel-f-obraznaja-20478-107630805/?c=710000000,107630805,УТ-00001688,Denzel F-образная 20478,Denzel,Мир инструмента-Алматы в г. Караганда ТОО,ХОЗЯИН,7666.0,GMARKET KZ,8178.0,Qural-Saiman,8622.0,Сеть магазинов TSSP,9440.0,,
https://kaspi.kz/shop/p/denzel-f-obraznaja-f-clamp-20466-107629256/?c=710000000,107629256,УТ-00001682,DENZEL F-образная F-CLAMP 20466,Denzel,Мир инструмента-Алматы в г. Караганда ТОО,ХОЗЯИН,3836.0,Qural-Saiman,3950.0,GMARKET KZ,4092.0,Проф Инструмент,4100.0,Сеть магазинов TSSP,4725.0
https://kaspi.kz/shop/p/denzel-f-obraznaja-20467-107630840/?c=710000000,107630840,УТ-00001683,Denzel F-образная 20467,Denzel,Мир инструмента-Алматы в г. Караганда ТОО,Qural-Saiman,4067.0,ХОЗЯИН,4228.0,GMARKET KZ,4510.0,Проф Инструмент,4600.0,Торговый дом ТИЫН,4825.0
https://kaspi.kz/shop/p/denzel-tel-fer-do-1-t-52016-100867680/?c=710000000,100867680,00000014615,"DENZEL тельфер до 1 т, 52016",Denzel,Мир инструмента-Алматы в г. Караганда ТОО,All Stroy,122300.0,Qural-Saiman,132850.0,Проф Инструмент,132850.0,,,,
https://kaspi.kz/shop/p/denzel-tel-fer-do-1-2-t-52018-1-2-t-100951746/?c=710000000,100951746,00000014616,"DENZEL тельфер до 1.2 т, 52018 1.2 т",Denzel,Мир инструмента-Алматы в г. Караганда ТОО,All Stroy,128420.0,МИР-инструментов,139500.0,ХОЗЯИН,139500.0,GMARKET KZ,139500.0,Ozturk,139500.0
https://kaspi.kz/shop/p/denzel-tel-fer-do-0-5-t-tf-500-52012-100951604/?c=710000000,100951604,00000014613,"DENZEL тельфер до 0.5 т, TF-500 52012",Denzel,Мир инструмента-Алматы в г. Караганда ТОО,All Stroy,61160.0,Qural-Saiman,66430.0,Проф Инструмент,66430.0,12 Месяцев Астана,113680.0,,
https://kaspi.kz/shop/p/denzel-elektricheskaja-sfh-5000-4-5-kvt-104109487/?c=710000000,104109487,00000063929,DENZEL электрическая SFH-5000 4.5 кВт,Denzel,Мир инструмента-Алматы в г. Караганда ТОО,МИР-инструментов,32790.0,GMARKET KZ,32790.0,Qural-Saiman,32790.0,Торговый дом ТИЫН,32790.0,AVTO-PARADISE,32790.0
https://kaspi.kz/shop/p/denzel-dhc-5-400-96428-100016785/?c=710000000,100016785,00000014419,DENZEL DHC 5-400 96428,Denzel,Мир инструмента-Алматы в г. Караганда ТОО,Ozturk,33390.0,Строймаркет ALTOR,33979.0,BOKENTAU COMPANY,35000.0,Папа-Карло,36268.0,Kiturami Казахстан,36270.0
https://kaspi.kz/shop/p/teploventiljator-denzel-dtfc-700-chernyi-zheltyi-108485954/?c=710000000,108485954,УТ-00001958,тепловентилятор DENZEL DTFC-700 черный-желтый,Denzel,Мир инструмента-Алматы в г. Караганда ТОО,Папа-Карло,8780.0,Мир инструментов,8788.0,STROYMANIA,8790.0,All Stroy,8790.0,Алтын Орда Строймаркет,8790.0
https://kaspi.kz/shop/p/teploventiljator-denzel-dtfc-1200-denzel-96418-chernyi-106112209/?c=710000000,106112209,УТ-00001959,Тепловентилятор DENZEL DTFC-1200 Denzel 96418 черный,Denzel,Мир инструмента-Алматы в г. Караганда ТОО,Строймаркет ALTOR,14848.0,Папа-Карло,18280.0,МИР-инструментов,18280.0,ХОЗЯИН,18280.0,titool_makita,18280.0
https://kaspi.kz/shop/p/teploventiljator-denzel-dtfc-2000-denzel-96419-chernyi-106112219/?c=710000000,106112219,УТ-00001960,Тепловентилятор DENZEL DTFC-2000 Denzel 96419 черный,Denzel,Мир инструмента-Алматы в г. Караганда ТОО,Строймаркет ALTOR,22282.0,Папа-Карло,26278.0,STROYMANIA,26280.0,Ozturk,26290.0,МИР-инструментов,28550.0
https://kaspi.kz/shop/p/denzel-transportirovochnyi-komplekt-1-sht-94625--105027273/?c=710000000,105027273,00000063903,DENZEL транспортировочный комплект 1 шт (94625),Denzel,Мир инструмента-Алматы в г. Караганда ТОО,ХОЗЯИН,11629.0,Qural-Saiman,13689.0,,,,,,
https://kaspi.kz/shop/p/denzel-transportirovochnyi-komplekt-1-sht-946725-105061465/?c=710000000,105061465,00000014040,DENZEL транспортировочный комплект 1 шт 946725,Denzel,Мир инструмента-Алматы в г. Караганда ТОО,ХОЗЯИН,15888.0,Qural-Saiman,27582.0,,,,,,
https://kaspi.kz/shop/p/denzel-dt-43-27600355/?c=710000000,27600355,00000014202,Denzel DT 43,Denzel,Мир инструмента-Алматы в г. Караганда ТОО,All Stroy,43740.0,СТРОЙБАТ Павлодар,48000.0,ХОЗЯИН,51640.0,Qural-Saiman,51640.0,Торговый дом ТИЫН,51640.0
https://kaspi.kz/shop/p/denzel-dgt-250-27600372/?c=710000000,27600372,00000014206,Denzel DGT 250,Denzel,Мир инструмента-Алматы в г. Караганда ТОО,МИР-инструментов,49800.0,Qural-Saiman,57220.0,Торговый дом ТИЫН,57220.0,,,,
https://kaspi.kz/shop/p/denzel-dgt-330-27600373/?c=710000000,27600373,00000014207,Denzel DGT 330,Denzel,Мир инструмента-Алматы в г. Караганда ТОО,МИР-инструментов,57820.0,ХОЗЯИН,57820.0,Qural-Saiman,57820.0,Торговый дом ТИЫН,57820.0,,
https://kaspi.kz/shop/p/denzel-dgt-330s-27600359/?c=710000000,27600359,00000014208,Denzel DGT 330S,Denzel,Мир инструмента-Алматы в г. Караганда ТОО,МИР-инструментов,58430.0,ХОЗЯИН,58430.0,Qural-Saiman,58430.0,Торговый дом ТИЫН,58430.0,,
https://kaspi.kz/shop/p/denzel-dgt-430s-27600374/?c=710000000,27600374,00000014210,Denzel DGT 430S,Denzel,Мир инструмента-Алматы в г. Караганда ТОО,ХОЗЯИН,51920.0,Qural-Saiman,51920.0,,,,,,
https://kaspi.kz/shop/p/denzel-dr-33-96271-104055545/?c=710000000,104055545,00000063918,DENZEL DR-33 96271,Denzel,Мир инструмента-Алматы в г. Караганда ТОО,МИР-инструментов,46060.0,ХОЗЯИН,46060.0,Qural-Saiman,46060.0,Торговый дом ТИЫН,46060.0,TaranTool,46061.0
https://kaspi.kz/shop/p/denzel-dt-25-27600349/?c=710000000,27600349,00000014199,Denzel DT 25,Denzel,Мир инструмента-Алматы в г. Караганда ТОО,МИР-инструментов,46050.0,ХОЗЯИН,50370.0,Qural-Saiman,50370.0,Торговый дом ТИЫН,50370.0,TaranTool,50370.0
https://kaspi.kz/shop/p/denzel-dt-33-27600352/?c=710000000,27600352,00000014200,Denzel DT 33,Denzel,Мир инструмента-Алматы в г. Караганда ТОО,МИР-инструментов,46350.0,ХОЗЯИН,50700.0,Qural-Saiman,50700.0,Торговый дом ТИЫН,50700.0,TaranTool,50700.0
https://kaspi.kz/shop/p/denzel-dt-33s-27600368/?c=710000000,27600368,00000014201,Denzel DT 33S,Denzel,Мир инструмента-Алматы в г. Караганда ТОО,Строймаркет ALTOR,42513.0,All Stroy,46640.0,Ozturk,50150.0,Сеть магазинов TSSP,51020.0,ХОЗЯИН,51020.0
https://kaspi.kz/shop/p/denzel-dt-43s-27600350/?c=710000000,27600350,00000014203,Denzel DT 43S,Denzel,Мир инструмента-Алматы в г. Караганда ТОО,All Stroy,47230.0,ХОЗЯИН,51670.0,Qural-Saiman,51670.0,Торговый дом ТИЫН,51670.0,,
https://kaspi.kz/shop/p/denzel-dt-52-27600351/?c=710000000,27600351,00000014204,Denzel DT 52,Denzel,Мир инструмента-Алматы в г. Караганда ТОО,МИР-инструментов,47530.0,Сеть магазинов TSSP,51990.0,ХОЗЯИН,51990.0,Qural-Saiman,51990.0,Торговый дом ТИЫН,51990.0
https://kaspi.kz/shop/p/denzel-47307-dtl-33-96261-101912552/?c=710000000,101912552,00000063910,Denzel 47307 DTL-33 96261,Denzel,Мир инструмента-Алматы в г. Караганда ТОО,СТРОЙБАТ Павлодар,47000.0,МИР-инструментов,49820.0,ХОЗЯИН,49820.0,Qural-Saiman,49820.0,Торговый дом ТИЫН,49820.0
https://kaspi.kz/shop/p/denzel-47308-dtl-33s-96262-101912572/?c=710000000,101912572,00000063911,Denzel 47308 DTL-33S 96262,Denzel,Мир инструмента-Алматы в г. Караганда ТОО,МИР-инструментов,50140.0,ХОЗЯИН,50140.0,Qural-Saiman,50140.0,Торговый дом ТИЫН,50140.0,,
https://kaspi.kz/shop/p/denzel-dtl-37-4t-96267-102038572/?c=710000000,102038572,00000063916,DENZEL DTL-37-4T 96267,Denzel,Мир инструмента-Алматы в г. Караганда ТОО,AVTO-PARADISE,66700.0,ХОЗЯИН,72380.0,Qural-Saiman,72380.0,,,,
https://kaspi.kz/shop/p/denzel-47310-dtl-43s-96264-101912593/?c=710000000,101912593,00000063913,Denzel 47310 DTL-43S 96264,Denzel,Мир инструмента-Алматы в г. Караганда ТОО,AVTO-PARADISE,51420.0,МИР-инструментов,52280.0,ХОЗЯИН,52280.0,Qural-Saiman,52280.0,Торговый дом ТИЫН,52280.0
https://kaspi.kz/shop/p/denzel-ugol-nik-400-mm-32398--103508066/?c=710000000,103508066,00000063789,DENZEL угольник 400 мм (32398),Denzel,Мир инструмента-Алматы в г. Караганда ТОО,ХОЗЯИН,7203.0,TaranTool,7722.0,Qural-Saiman,9080.0,Торговый дом ТИЫН,9080.0,,
https://kaspi.kz/shop/p/denzel-udarnyi-iw1500sp-104354739/?c=710000000,104354739,00000063803,DENZEL ударный IW1500SP,Denzel,Мир инструмента-Алматы в г. Караганда ТОО,МИР-инструментов,61890.0,ХОЗЯИН,61890.0,Qural-Saiman,61890.0,Крепыж,75400.0,,
https://kaspi.kz/shop/p/denzel-udarnyi-iws550-104354669/?c=710000000,104354669,00000063800,DENZEL ударный IWS550,Denzel,Мир инструмента-Алматы в г. Караганда ТОО,Строймаркет ALTOR,32961.0,Крепыж,35340.0,All Stroy,35340.0,МИР-инструментов,38390.0,ХОЗЯИН,38390.0
https://kaspi.kz/shop/p/denzel-33684-120-sm-100856554/?c=710000000,100856554,00000015330,DENZEL 33684 120 см,Denzel,Мир инструмента-Алматы в г. Караганда ТОО,Qural-Saiman,13847.0,,,,,,,,
https://kaspi.kz/shop/p/denzel-33685-150-sm-100856578/?c=710000000,100856578,00000015331,DENZEL 33685 150 см,Denzel,Мир инструмента-Алматы в г. Караганда ТОО,Qural-Saiman,17153.0,,,,,,,,
https://kaspi.kz/shop/p/denzel-lineinyi-lx3-35070-43900031/?c=710000000,43900031,00000014601,DENZEL линейный LX3 35070,Denzel,Мир инструмента-Алматы в г. Караганда ТОО,Папа-Карло,29169.0,ЭЛЕКТРО,29170.0,МегаВАТТ,29170.0,МИР-инструментов,31690.0,ХОЗЯИН,31690.0
https://kaspi.kz/shop/p/denzel-puzyr-kovyi-34920-103517034/?c=710000000,103517034,00000063790,DENZEL пузырьковый 34920,Denzel,Мир инструмента-Алматы в г. Караганда ТОО,GMARKET KZ,11939.0,TaranTool,11999.0,Торговый дом ТИЫН,12775.0,Комфорт,12990.0,Qural-Saiman,14816.0
https://kaspi.kz/shop/p/denzel-litoi-34935-103509511/?c=710000000,103509511,00000063791,DENZEL литой 34935,Denzel,Мир инструмента-Алматы в г. Караганда ТОО,GMARKET KZ,12204.0,TaranTool,12265.0,Торговый дом ТИЫН,13060.0,Qural-Saiman,15616.0,,
https://kaspi.kz/shop/p/denzel-magnitnaja-klemma-1-sht-97551-104075387/?c=710000000,104075387,00000014391,"DENZEL магнитная клемма 1 шт, 97551",Denzel,Мир инструмента-Алматы в г. Караганда ТОО,ХОЗЯИН,838.0,GMARKET KZ,894.0,Q-SAIMAN,1290.0,Perfecto linea,1350.0,titool_makita,1605.0
https://kaspi.kz/shop/p/magnitnyi-ugol-nik-denzel-97553-1-sht-103461144/?c=710000000,103461144,00000014392,"Магнитный угольник DENZEL 97553, 1 шт",Denzel,Мир инструмента-Алматы в г. Караганда ТОО,ХОЗЯИН,1352.0,Qural-Saiman,1370.0,Q-SAIMAN,1370.0,GMARKET KZ,1443.0,titool_makita,1535.0
https://kaspi.kz/shop/p/denzel-fil-tr-dlja-moiki-58301-1-sht-103515891/?c=710000000,103515891,00000063822,DENZEL фильтр для мойки 58301 1 шт,Denzel,Мир инструмента-Алматы в г. Караганда ТОО,Qural-Saiman,2449.0,ХОЗЯИН,2531.0,TaranTool,2714.0,GMARKET KZ,4050.0,,
https://kaspi.kz/shop/p/denzel-fil-tr-97282-1-sht-103515975/?c=710000000,103515975,00000014502,DENZEL фильтр 97282 1 шт,Denzel,Мир инструмента-Алматы в г. Караганда ТОО,Сеть магазинов TSSP,8830.0,ХОЗЯИН,8840.0,GMARKET KZ,9430.0,TaranTool,9477.0,Торговый дом ТИЫН,10090.0
https://kaspi.kz/shop/p/denzel-freza-dlja-moiki-58305-1-sht-106337003/?c=710000000,106337003,УТ-00001760,DENZEL фреза для мойки 58305 1 шт,Denzel,Мир инструмента-Алматы в г. Караганда ТОО,Qural-Saiman,4415.0,ХОЗЯИН,4418.0,GMARKET KZ,4713.0,TaranTool,4737.0,Car tools PV,4990.0
https://kaspi.kz/shop/p/denzel-tsep-59804-103028429/?c=710000000,103028429,00000014056,Denzel цепь 59804,Denzel,Мир инструмента-Алматы в г. Караганда ТОО,Qural-Saiman,2425.0,ХОЗЯИН,2535.0,GMARKET KZ,2705.0,TaranTool,2752.0,Торговый дом ТИЫН,2895.0
https://kaspi.kz/shop/p/denzel-59806-dgs-5820-103531944/?c=710000000,103531944,00000014058,DENZEL 59806 DGS-5820,Denzel,Мир инструмента-Алматы в г. Караганда ТОО,Qural-Saiman,3685.0,ХОЗЯИН,3808.0,TaranTool,4082.0,Торговый дом ТИЫН,4345.0,NovaStroy,5700.0
https://kaspi.kz/shop/p/denzel-almaznaja-chashka-72973-125x22-2-mm-1-sht-103524438/?c=710000000,103524438,00000019616,DENZEL алмазная чашка 72973 125x22.2 мм 1 шт,Denzel,Мир инструмента-Алматы в г. Караганда ТОО,Сеть магазинов TSSP,5134.0,ХОЗЯИН,5144.0,GMARKET KZ,5487.0,TaranTool,5514.0,Торговый дом ТИЫН,5870.0
https://kaspi.kz/shop/p/denzel-72970-125x22-2-mm-103531922/?c=710000000,103531922,00000019613,DENZEL 72970 125x22.2 мм,Denzel,Мир инструмента-Алматы в г. Караганда ТОО,Сеть магазинов TSSP,5395.0,ХОЗЯИН,5405.0,GMARKET KZ,5766.0,TaranTool,5795.0,Проф Инструмент,6600.0
https://kaspi.kz/shop/p/denzel-shlifoval-nyi-list-75604-5-sht-103565148/?c=710000000,103565148,00000020630,DENZEL шлифовальный лист 75604 5 шт,Denzel,Мир инструмента-Алматы в г. Караганда ТОО,GMARKET KZ,1151.0,Qural-Saiman,1193.0,AVTO-PARADISE,1200.0,Торговый дом ТИЫН,2000.0,,
https://kaspi.kz/shop/p/denzel-shlifoval-nyi-list-75605-5-sht-103565020/?c=710000000,103565020,00000020631,DENZEL шлифовальный лист 75605 5 шт,Denzel,Мир инструмента-Алматы в г. Караганда ТОО,ХОЗЯИН,792.0,GMARKET KZ,1268.0,Qural-Saiman,1809.0,Торговый дом ТИЫН,2000.0,,
https://kaspi.kz/shop/p/denzel-shlifoval-nyi-list-75607-5-sht-103565233/?c=710000000,103565233,00000020633,DENZEL шлифовальный лист 75607 5 шт,Denzel,Мир инструмента-Алматы в г. Караганда ТОО,ХОЗЯИН,715.0,Сеть магазинов TSSP,875.0,GMARKET KZ,1145.0,Qural-Saiman,1797.0,Торговый дом ТИЫН,2000.0
https://kaspi.kz/shop/p/denzel-shlifoval-nyi-list-75601-5-sht-106375288/?c=710000000,106375288,00000063882,DENZEL шлифовальный лист 75601 5 шт,Denzel,Мир инструмента-Алматы в г. Караганда ТОО,ХОЗЯИН,743.0,Qural-Saiman,2243.0,,,,,,
https://kaspi.kz/shop/p/denzel-shlifoval-nyi-list-75619-5-sht-103582168/?c=710000000,103582168,00000020645,DENZEL шлифовальный лист 75619 5 шт,Denzel,Мир инструмента-Алматы в г. Караганда ТОО,GMARKET KZ,1058.0,Qural-Saiman,1721.0,Торговый дом ТИЫН,2000.0,,,,
https://kaspi.kz/shop/p/denzel-shtutser-97271-1-sht-104635986/?c=710000000,104635986,00000014499,DENZEL штуцер 97271 1 шт,Denzel,Мир инструмента-Алматы в г. Караганда ТОО,Сеть магазинов TSSP,941.0,ХОЗЯИН,951.0,GMARKET KZ,1015.0,AVTO-PARADISE,1650.0,Торговый дом ТИЫН,2000.0
https://kaspi.kz/shop/p/denzel-shtutser-97272-1-sht-104635988/?c=710000000,104635988,00000014500,DENZEL штуцер 97272 1 шт,Denzel,Мир инструмента-Алматы в г. Караганда ТОО,ХОЗЯИН,1575.0,GMARKET KZ,1681.0,Торговый дом ТИЫН,2000.0,AVTO-PARADISE,2550.0,Qural-Saiman,3054.0
https://kaspi.kz/shop/p/denzel-shlifoval-naja-schetka-746083-100-mm-1-sht-103706326/?c=710000000,103706326,00000020454,DENZEL шлифовальная щетка 746083 100 мм 1 шт,Denzel,Мир инструмента-Алматы в г. Караганда ТОО,Строймаркет ALTOR,2241.0,Qural-Saiman,2242.0,ХОЗЯИН,2316.0,Торговый дом ТИЫН,3708.0,AVTO-PARADISE,4000.0
https://kaspi.kz/shop/p/denzel-shlifoval-naja-schetka-746093-100-mm-1-sht-103706211/?c=710000000,103706211,00000020456,DENZEL шлифовальная щетка 746093 100 мм 1 шт,Denzel,Мир инструмента-Алматы в г. Караганда ТОО,Qural-Saiman,1797.0,ХОЗЯИН,1798.0,Строймаркет ALTOR,1980.0,GMARKET KZ,2877.0,Торговый дом ТИЫН,3479.0
https://kaspi.kz/shop/p/denzel-shlifoval-naja-schetka-746053-100-mm-1-sht-103706568/?c=710000000,103706568,00000020450,DENZEL шлифовальная щетка 746053 100 мм 1 шт,Denzel,Мир инструмента-Алматы в г. Караганда ТОО,Строймаркет ALTOR,2731.0,Qural-Saiman,2732.0,ХОЗЯИН,2823.0,GMARKET KZ,3012.0,TaranTool,3027.0
https://kaspi.kz/shop/p/denzel-shlifoval-naja-schetka-746163-125-mm-1-sht-103706345/?c=710000000,103706345,00000020462,DENZEL шлифовальная щетка 746163 125 мм 1 шт,Denzel,Мир инструмента-Алматы в г. Караганда ТОО,Строймаркет ALTOR,2995.0,Qural-Saiman,2996.0,ХОЗЯИН,3095.0,TaranTool,3319.0,Торговый дом ТИЫН,3535.0
https://kaspi.kz/shop/p/denzel-shlifoval-naja-schetka-746113-125-mm-1-sht-103706469/?c=710000000,103706469,00000020459,DENZEL шлифовальная щетка 746113 125 мм 1 шт,Denzel,Мир инструмента-Алматы в г. Караганда ТОО,Строймаркет ALTOR,2890.0,Qural-Saiman,2891.0,ХОЗЯИН,2987.0,TaranTool,3203.0,Торговый дом ТИЫН,3410.0
https://kaspi.kz/shop/p/denzel-shlifoval-naja-schetka-746273-125-mm-103685321/?c=710000000,103685321,00000020467,DENZEL шлифовальная щетка 746273 125 мм,Denzel,Мир инструмента-Алматы в г. Караганда ТОО,ХОЗЯИН,4815.0,TaranTool,5163.0,Торговый дом ТИЫН,5495.0,Qural-Saiman,5790.0,Комфорт,6990.0
https://kaspi.kz/shop/p/denzel-shlifoval-naja-schetka-746563-125-mm-1-sht-104345439/?c=710000000,104345439,00000020481,DENZEL шлифовальная щетка 746563 125 мм 1 шт,Denzel,Мир инструмента-Алматы в г. Караганда ТОО,Строймаркет ALTOR,2250.0,ХОЗЯИН,2337.0,Home Tools,3200.0,Qural-Saiman,3538.0,AVTO-PARADISE,4000.0
https://kaspi.kz/shop/p/denzel-shlifoval-naja-schetka-746323-125-mm-1-sht-104345380/?c=710000000,104345380,00000020473,DENZEL шлифовальная щетка 746323 125 мм 1 шт,Denzel,Мир инструмента-Алматы в г. Караганда ТОО,ХОЗЯИН,3360.0,ВСЕ ДЛЯ СВАРКИ,4300.0,Qural-Saiman,4905.0,GMARKET KZ,5378.0,,
https://kaspi.kz/shop/p/denzel-shlifoval-naja-schetka-746643-150-mm-1-sht-104345459/?c=710000000,104345459,00000020483,DENZEL шлифовальная щетка 746643 150 мм 1 шт,Denzel,Мир инструмента-Алматы в г. Караганда ТОО,ХОЗЯИН,2373.0,AVTO-PARADISE,3900.0,Qural-Saiman,4085.0,,,,
https://kaspi.kz/shop/p/denzel-kordschetka-746383-200x22-2-mm-1-sht-103083738/?c=710000000,103083738,00000020478,DENZEL кордщетка 746383 200x22.2 мм 1 шт,Denzel,Мир инструмента-Алматы в г. Караганда ТОО,ХОЗЯИН,7232.0,Qural-Saiman,10094.0,,,,,,
https://kaspi.kz/shop/p/denzel-shlifoval-naja-schetka-746043-75-mm-1-sht-103706521/?c=710000000,103706521,00000020448,DENZEL шлифовальная щетка 746043 75 мм 1 шт,Denzel,Мир инструмента-Алматы в г. Караганда ТОО,Qural-Saiman,1703.0,ХОЗЯИН,1783.0,GMARKET KZ,1902.0,Торговый дом ТИЫН,2961.0,,
https://kaspi.kz/shop/p/schiptsy-dlja-rezki-i-zachistki-provodov-denzel-17742-110500849/?c=710000000,110500849,УТ-00001657,Щипцы для резки и зачистки проводов DENZEL 17742,Denzel,Мир инструмента-Алматы в г. Караганда ТОО,ХОЗЯИН,7717.0,Qural-Saiman,8664.0,ТОО AI-TOOLS,8800.0,Торговый дом ТИЫН,8810.0,Сеть магазинов TSSP,9500.0
https://kaspi.kz/shop/p/schiptsy-dlja-rezki-i-zachistki-provodov-denzel-17741-107630764/?c=710000000,107630764,УТ-00001656,Щипцы для резки и зачистки проводов DENZEL 17741,Denzel,Мир инструмента-Алматы в г. Караганда ТОО,Строймаркет ALTOR,2902.0,Qural-Saiman,2934.0,Проф Инструмент,3330.0,Торговый дом ТИЫН,3460.0,Сеть магазинов TSSP,3730.0
https://kaspi.kz/shop/p/denzel-97518-dlja-ruchnoi-dugovoi-svarki-109386335/?c=710000000,109386335,УТ-00001990,"DENZEL 97518, для ручной дуговой сварки",Denzel,Мир инструмента-Алматы в г. Караганда ТОО,ХОЗЯИН,7483.0,GMARKET KZ,7982.0,Qural-Saiman,8113.0,Торговый дом ТИЫН,8540.0,AVTO-PARADISE,11000.0
https://kaspi.kz/shop/p/denzel-97513-dlja-ruchnoi-dugovoi-svarki-109380639/?c=710000000,109380639,УТ-00001987,"DENZEL 97513, для ручной дуговой сварки",Denzel,Мир инструмента-Алматы в г. Караганда ТОО,ХОЗЯИН,8325.0,GMARKET KZ,8880.0,Qural-Saiman,9272.0,,,,
https://kaspi.kz/shop/p/denzel-97515-dlja-ruchnoi-dugovoi-svarki-109386722/?c=710000000,109386722,УТ-00001988,"DENZEL 97515, для ручной дуговой сварки",Denzel,Мир инструмента-Алматы в г. Караганда ТОО,ХОЗЯИН,8443.0,GMARKET KZ,9006.0,Qural-Saiman,9851.0,,,,
